user_id,product_id,action,timestamp,session_id,duration_seconds,device,category
U001,P043,view,2024-01-10 17:07:01,SESS_Y6DPB,133,desktop,books
U001,P055,click,2024-01-10 17:55:53,SESS_THV3A,201,desktop,sports
U001,P043,compare,2024-01-10 17:54:57,SESS_DNMMJ,142,desktop,books
U001,P002,share,2024-01-10 19:59:52,SESS_W5NGC,458,desktop,electronics
U001,P043,compare,2024-01-10 18:54:45,SESS_KWNNH,256,desktop,books
U001,P049,compare,2024-01-10 20:14:16,SESS_0FN9X,405,desktop,books
U001,P043,compare,2024-01-10 22:42:43,SESS_LJH75,281,desktop,books
U001,P059,click,2024-01-10 18:20:38,SESS_IUJV6,324,desktop,sports
U002,P028,wishlist,2024-02-23 17:20:43,SESS_W2PCN,269,desktop,food
U002,P011,click,2024-02-23 18:08:15,SESS_511MK,110,mobile,electronics
U002,P060,wishlist,2024-02-23 18:32:01,SESS_65KXV,108,mobile,sports
U002,P088,purchase,2024-02-23 19:03:46,SESS_A753L,134,mobile,toys
U002,P029,wishlist,2024-02-23 21:07:31,SESS_C11ER,114,mobile,food
U002,P079,share,2024-02-23 21:43:28,SESS_0HL9X,254,tablet,home
U002,P031,click,2024-02-23 17:35:19,SESS_VIHCW,147,mobile,food
U002,P077,purchase,2024-02-23 19:40:43,SESS_YHE7U,241,mobile,home
U003,P011,click,2024-06-07 02:04:25,SESS_O5BXX,122,desktop,electronics
U003,P004,view,2024-06-07 02:42:01,SESS_QPKI7,88,tablet,electronics
U003,P016,purchase,2024-06-07 03:20:13,SESS_4874F,368,desktop,fashion
U003,P003,add_to_cart,2024-06-07 03:27:22,SESS_J2QP8,558,mobile,electronics
U003,P010,purchase,2024-06-07 02:25:01,SESS_0CVS4,200,mobile,electronics
U003,P002,purchase,2024-06-07 05:59:50,SESS_5O7UU,140,desktop,electronics
U003,P073,purchase,2024-06-07 03:57:13,SESS_HZIOY,273,desktop,beauty
U003,P016,purchase,2024-06-07 06:40:27,SESS_9CHJ7,571,mobile,fashion
U004,P099,view,2024-04-20 16:16:30,SESS_XA3KX,65,tablet,toys
U004,P012,click,2024-04-20 16:36:05,SESS_KHMY4,69,mobile,electronics
U004,P002,click,2024-04-20 18:11:44,SESS_JA1WJ,99,mobile,electronics
U004,P002,view,2024-04-20 18:41:00,SESS_6T4UF,13,mobile,electronics
U004,P015,click,2024-04-20 19:26:42,SESS_ID25O,84,desktop,electronics
U004,P042,compare,2024-04-20 20:58:10,SESS_GOG72,86,tablet,books
U004,P044,view,2024-04-20 21:09:42,SESS_D54I3,34,mobile,books
U004,P043,view,2024-04-20 17:55:47,SESS_OKC1M,37,mobile,books
U005,P029,review,2024-07-27 05:53:34,SESS_G8JDP,246,desktop,food
U005,P089,view,2024-07-27 06:33:55,SESS_GBPS3,73,desktop,toys
U005,P045,add_to_cart,2024-07-27 07:26:14,SESS_7WXE6,289,mobile,books
U005,P087,add_to_cart,2024-07-27 06:22:37,SESS_GXN0G,184,mobile,home
U005,P056,add_to_cart,2024-07-27 09:32:06,SESS_UXQPH,272,desktop,sports
U005,P038,click,2024-07-27 08:54:29,SESS_XWD8I,188,mobile,food
U005,P028,add_to_cart,2024-07-27 09:14:10,SESS_W1Q5U,226,mobile,food
U005,P099,view,2024-07-27 11:59:19,SESS_452H2,74,desktop,toys
U006,P023,view,2024-04-06 18:41:46,SESS_Y9V86,44,tablet,fashion
U006,P084,click,2024-04-06 18:53:37,SESS_0RJIW,103,desktop,home
U006,P005,click,2024-04-06 20:21:10,SESS_KJLTE,34,mobile,electronics
U006,P002,click,2024-04-06 19:52:31,SESS_TOHP6,79,tablet,electronics
U006,P094,click,2024-04-06 20:21:46,SESS_KO64T,99,mobile,toys
U006,P008,view,2024-04-06 21:15:31,SESS_RNY20,58,mobile,electronics
U006,P096,view,2024-04-06 21:29:04,SESS_VXDP5,16,mobile,toys
U006,P008,click,2024-04-07 00:52:25,SESS_5K8P4,65,mobile,electronics
U007,P013,compare,2024-05-15 21:52:00,SESS_18HAF,189,desktop,electronics
U007,P008,click,2024-05-15 22:45:21,SESS_NV8Z2,227,tablet,electronics
U007,P015,add_to_cart,2024-05-15 23:26:28,SESS_6N7HV,308,mobile,electronics
U007,P025,wishlist,2024-05-15 23:06:06,SESS_TXCXA,490,tablet,fashion
U007,P086,review,2024-05-16 00:01:32,SESS_ZP08J,555,desktop,home
U007,P057,review,2024-05-16 02:40:30,SESS_7KQ1U,448,desktop,sports
U007,P078,purchase,2024-05-16 00:23:18,SESS_2M5ZJ,125,desktop,home
U007,P012,purchase,2024-05-16 02:24:18,SESS_1YXR2,167,mobile,electronics
U008,P069,click,2024-04-04 11:46:06,SESS_M9TMQ,373,mobile,beauty
U008,P006,view,2024-04-04 12:23:40,SESS_8YG0J,97,tablet,electronics
U008,P077,review,2024-04-04 12:28:32,SESS_IGATJ,115,desktop,home
U008,P011,review,2024-04-04 13:29:36,SESS_DAKRM,112,mobile,electronics
U008,P017,add_to_cart,2024-04-04 12:10:18,SESS_UYF38,147,tablet,fashion
U008,P085,purchase,2024-04-04 15:22:11,SESS_ISQP4,339,desktop,home
U008,P075,click,2024-04-04 17:04:30,SESS_HHXFG,136,mobile,beauty
U008,P073,purchase,2024-04-04 12:08:37,SESS_IZZQY,593,mobile,beauty
U009,P022,view,2024-08-17 01:14:14,SESS_X63CF,29,mobile,fashion
U009,P059,view,2024-08-17 02:02:14,SESS_KOJTP,48,mobile,sports
U009,P073,click,2024-08-17 01:28:42,SESS_IY4VA,182,tablet,beauty
U009,P023,wishlist,2024-08-17 02:47:47,SESS_6GVWR,33,mobile,fashion
U009,P074,view,2024-08-17 02:02:06,SESS_LYK83,45,mobile,beauty
U009,P069,add_to_cart,2024-08-17 05:42:54,SESS_OS9XT,115,mobile,beauty
U009,P035,review,2024-08-17 06:31:26,SESS_BJEK5,184,mobile,food
U009,P051,purchase,2024-08-17 05:44:26,SESS_AOI4E,135,mobile,books
U010,P092,click,2024-10-05 07:13:37,SESS_9ITN7,70,desktop,toys
U010,P005,add_to_cart,2024-10-05 08:12:56,SESS_O7S3K,43,tablet,electronics
U010,P095,share,2024-10-05 08:16:35,SESS_TMTTQ,46,tablet,toys
U010,P049,click,2024-10-05 10:11:55,SESS_1B0Z3,54,tablet,books
U010,P035,compare,2024-10-05 07:52:05,SESS_SV55P,93,tablet,food
U010,P007,share,2024-10-05 08:11:17,SESS_C2JWO,15,tablet,electronics
U010,P081,add_to_cart,2024-10-05 12:30:37,SESS_RTWIY,41,tablet,home
U010,P077,wishlist,2024-10-05 12:56:58,SESS_5PY6B,106,mobile,home
U011,P070,click,2024-06-16 06:17:30,SESS_GGVNY,569,tablet,beauty
U011,P086,view,2024-06-16 06:35:55,SESS_Y6QKT,64,desktop,home
U011,P068,purchase,2024-06-16 07:17:24,SESS_YQK94,174,mobile,beauty
U011,P068,compare,2024-06-16 07:20:57,SESS_A3OA5,110,tablet,beauty
U011,P055,purchase,2024-06-16 07:57:42,SESS_HGJ11,468,tablet,sports
U011,P074,view,2024-06-16 10:51:40,SESS_PU0DK,107,desktop,beauty
U011,P069,purchase,2024-06-16 08:15:06,SESS_3J3R3,502,tablet,beauty
U011,P089,add_to_cart,2024-06-16 08:12:18,SESS_40982,434,mobile,toys
U012,P081,click,2024-04-12 16:55:57,SESS_JNWNY,542,mobile,home
U012,P073,view,2024-04-12 17:01:15,SESS_WQZXE,62,tablet,beauty
U012,P077,view,2024-04-12 18:11:19,SESS_EQY08,86,desktop,home
U012,P086,view,2024-04-12 18:39:09,SESS_W7KYH,88,tablet,home
U012,P026,add_to_cart,2024-04-12 19:56:01,SESS_MOGE4,525,mobile,fashion
U012,P073,compare,2024-04-12 17:18:12,SESS_2IEUC,272,desktop,beauty
U012,P045,review,2024-04-12 22:24:57,SESS_6A4FE,316,desktop,books
U012,P003,view,2024-04-12 23:20:22,SESS_2VAJE,86,desktop,electronics
U013,P009,click,2024-07-03 22:56:02,SESS_S8B25,386,desktop,electronics
U013,P040,compare,2024-07-03 23:54:52,SESS_OYR6C,161,desktop,books
U013,P044,share,2024-07-04 00:17:56,SESS_TL9TQ,429,desktop,books
U013,P026,share,2024-07-04 01:36:29,SESS_T5P5O,352,desktop,fashion
U013,P070,click,2024-07-04 00:09:38,SESS_NF7C3,167,desktop,beauty
U013,P066,share,2024-07-04 02:21:12,SESS_8UYO5,336,tablet,beauty
U013,P061,wishlist,2024-07-03 23:44:26,SESS_UHXID,404,desktop,sports
U013,P046,compare,2024-07-04 05:09:43,SESS_3WXA7,475,desktop,books
U014,P069,view,2024-09-29 21:37:38,SESS_UOFWB,52,mobile,beauty
U014,P021,view,2024-09-29 21:59:54,SESS_Z1UDB,15,desktop,fashion
U014,P005,click,2024-09-29 22:37:30,SESS_RPJ1E,60,mobile,electronics
U014,P095,click,2024-09-29 22:43:47,SESS_BOVAK,32,desktop,toys
U014,P057,view,2024-09-29 23:57:26,SESS_0GNZS,58,desktop,sports
U014,P027,view,2024-09-29 21:48:58,SESS_QCLPO,45,mobile,fashion
U014,P006,view,2024-09-30 01:56:44,SESS_QYNPD,32,mobile,electronics
U014,P020,purchase,2024-09-29 23:30:27,SESS_LGSES,120,mobile,fashion
U015,P041,view,2024-09-07 15:57:52,SESS_GF1C8,70,mobile,books
U015,P098,share,2024-09-07 16:37:24,SESS_X9L8L,255,mobile,toys
U015,P080,purchase,2024-09-07 16:47:54,SESS_SLQC3,139,desktop,home
U015,P025,purchase,2024-09-07 17:19:34,SESS_QT26Q,266,desktop,fashion
U015,P084,click,2024-09-07 16:18:44,SESS_Q349D,118,mobile,home
U015,P096,purchase,2024-09-07 16:57:02,SESS_N7N1Y,133,desktop,toys
U015,P033,click,2024-09-07 20:41:40,SESS_NJ48V,106,mobile,food
U015,P033,add_to_cart,2024-09-07 21:18:21,SESS_ZOV7L,222,desktop,food
U016,P074,share,2024-02-19 15:07:27,SESS_XPNNG,279,desktop,beauty
U016,P043,compare,2024-02-19 15:19:01,SESS_C4D14,599,mobile,books
U016,P066,purchase,2024-02-19 15:30:29,SESS_F313F,344,mobile,beauty
U016,P067,compare,2024-02-19 17:15:27,SESS_K0QTL,540,tablet,beauty
U016,P073,compare,2024-02-19 17:17:31,SESS_12SPF,264,tablet,beauty
U016,P076,purchase,2024-02-19 17:19:07,SESS_TD44K,510,mobile,home
U016,P066,review,2024-02-19 15:50:57,SESS_8HQMA,114,desktop,beauty
U016,P077,purchase,2024-02-19 15:27:52,SESS_LDZMF,139,mobile,home
U017,P095,click,2024-09-27 07:51:40,SESS_AHF7V,118,mobile,toys
U017,P065,view,2024-09-27 08:21:19,SESS_XWC4R,44,mobile,beauty
U017,P027,view,2024-09-27 08:52:16,SESS_AMUGY,43,tablet,fashion
U017,P036,wishlist,2024-09-27 09:38:37,SESS_TOQW9,74,desktop,food
U017,P021,click,2024-09-27 10:55:04,SESS_W10LB,149,mobile,fashion
U017,P035,compare,2024-09-27 10:40:00,SESS_W3C1Q,135,mobile,food
U017,P006,share,2024-09-27 11:28:46,SESS_O3RBX,83,mobile,electronics
U017,P068,add_to_cart,2024-09-27 10:54:29,SESS_POP8M,57,mobile,beauty
U018,P053,click,2024-12-24 23:11:52,SESS_P9GKD,395,desktop,sports
U018,P075,click,2024-12-24 23:59:57,SESS_PQ06W,505,mobile,beauty
U018,P002,purchase,2024-12-25 00:09:18,SESS_N2Y8F,431,desktop,electronics
U018,P002,click,2024-12-25 01:26:58,SESS_NNUVY,439,desktop,electronics
U018,P036,add_to_cart,2024-12-25 00:41:40,SESS_XIE0R,456,tablet,food
U018,P087,purchase,2024-12-25 02:45:42,SESS_K6RE4,351,mobile,home
U018,P026,compare,2024-12-25 01:28:46,SESS_YZTKK,221,desktop,fashion
U018,P033,purchase,2024-12-25 00:16:51,SESS_92IRM,413,desktop,food
U019,P017,view,2024-08-02 05:43:19,SESS_ZS13C,30,mobile,fashion
U019,P036,view,2024-08-02 06:40:54,SESS_2XG8P,68,tablet,food
U019,P032,click,2024-08-02 06:29:21,SESS_7I8SK,30,mobile,food
U019,P032,view,2024-08-02 06:48:19,SESS_WDXVU,20,mobile,food
U019,P073,view,2024-08-02 09:43:11,SESS_BBXUX,59,mobile,beauty
U019,P023,share,2024-08-02 08:54:29,SESS_K8R2Y,86,mobile,fashion
U019,P023,wishlist,2024-08-02 08:59:31,SESS_HVLZ0,98,tablet,fashion
U019,P072,review,2024-08-02 08:22:48,SESS_IEQFB,158,tablet,beauty
U020,P073,click,2024-12-02 01:15:01,SESS_1RSRL,83,mobile,beauty
U020,P079,view,2024-12-02 01:40:06,SESS_BKV4Y,78,desktop,home
U020,P078,review,2024-12-02 02:56:19,SESS_NOBBU,431,desktop,home
U020,P071,wishlist,2024-12-02 02:15:16,SESS_3WVED,442,desktop,beauty
U020,P078,click,2024-12-02 03:38:01,SESS_OBBZ2,591,desktop,home
U020,P066,purchase,2024-12-02 04:49:16,SESS_LOW4V,379,tablet,beauty
U020,P073,purchase,2024-12-02 06:55:07,SESS_ALDOL,580,desktop,beauty
U020,P010,purchase,2024-12-02 06:35:16,SESS_21UZV,207,desktop,electronics
U021,P038,view,2024-10-27 19:51:08,SESS_8DALF,164,desktop,food
U021,P059,review,2024-10-27 20:42:21,SESS_0ZSU9,364,desktop,sports
U021,P047,compare,2024-10-27 20:39:52,SESS_TY5Y2,255,desktop,books
U021,P044,share,2024-10-27 20:40:11,SESS_791ZY,370,desktop,books
U021,P056,click,2024-10-27 22:31:40,SESS_YN938,194,desktop,sports
U021,P053,wishlist,2024-10-27 22:27:03,SESS_X0H3J,407,desktop,sports
U021,P063,share,2024-10-27 21:36:26,SESS_B6IID,289,desktop,sports
U021,P040,compare,2024-10-27 21:13:30,SESS_O75RH,267,desktop,books
U022,P048,click,2024-12-18 14:35:08,SESS_76G5G,138,tablet,books
U022,P003,share,2024-12-18 14:55:53,SESS_5AUD9,265,desktop,electronics
U022,P059,compare,2024-12-18 14:55:26,SESS_4QGEF,354,desktop,sports
U022,P012,click,2024-12-18 15:38:32,SESS_U1G46,338,desktop,electronics
U022,P053,view,2024-12-18 15:17:28,SESS_R7ANQ,137,tablet,sports
U022,P061,view,2024-12-18 18:23:13,SESS_MIYQF,163,desktop,sports
U022,P063,click,2024-12-18 16:41:56,SESS_NH8RQ,430,desktop,sports
U022,P100,share,2024-12-18 19:59:28,SESS_31YV2,389,desktop,toys
U023,P016,wishlist,2024-01-31 07:58:12,SESS_HTF4P,468,desktop,fashion
U023,P048,click,2024-01-31 08:02:59,SESS_QSQCQ,277,desktop,books
U023,P051,click,2024-01-31 08:10:10,SESS_BMC97,155,tablet,books
U023,P007,view,2024-01-31 08:28:54,SESS_19XP9,144,desktop,electronics
U023,P082,view,2024-01-31 11:02:52,SESS_5E4E9,145,desktop,home
U023,P040,compare,2024-01-31 09:45:02,SESS_QZPNI,355,desktop,books
U023,P053,view,2024-01-31 12:34:36,SESS_P15AH,126,desktop,sports
U023,P063,compare,2024-01-31 10:02:06,SESS_0OIH5,148,mobile,sports
U024,P073,click,2024-03-31 22:32:36,SESS_3I59S,241,mobile,beauty
U024,P099,share,2024-03-31 23:16:20,SESS_YUBMX,225,desktop,toys
U024,P082,click,2024-03-31 23:25:58,SESS_GTII4,103,tablet,home
U024,P082,purchase,2024-03-31 23:03:03,SESS_NJLCQ,214,mobile,home
U024,P040,add_to_cart,2024-04-01 01:40:32,SESS_VBC2V,141,mobile,books
U024,P068,compare,2024-03-31 22:42:46,SESS_HG001,294,mobile,beauty
U024,P034,share,2024-04-01 02:24:42,SESS_LKQXL,214,desktop,food
U024,P039,purchase,2024-04-01 05:20:49,SESS_LHLB5,157,mobile,food
U025,P005,view,2024-08-14 19:34:18,SESS_IUIT7,141,desktop,electronics
U025,P095,view,2024-08-14 20:29:34,SESS_MFTG6,161,tablet,toys
U025,P050,view,2024-08-14 19:37:10,SESS_O4IZA,152,desktop,books
U025,P062,compare,2024-08-14 21:16:15,SESS_XATOA,489,desktop,sports
U025,P009,compare,2024-08-14 22:42:18,SESS_P7G7S,243,mobile,electronics
U025,P005,compare,2024-08-14 20:06:13,SESS_NOU9I,470,tablet,electronics
U025,P052,view,2024-08-14 22:15:36,SESS_NRWZC,174,desktop,sports
U025,P024,compare,2024-08-14 21:31:05,SESS_H55RB,158,desktop,fashion
U026,P003,share,2024-07-29 21:24:46,SESS_AHF33,14,mobile,electronics
U026,P094,click,2024-07-29 22:02:40,SESS_L1F90,69,desktop,toys
U026,P007,view,2024-07-29 21:37:08,SESS_M18O1,6,desktop,electronics
U026,P095,view,2024-07-29 23:21:01,SESS_7PYXD,44,mobile,toys
U026,P002,view,2024-07-29 23:12:30,SESS_ZW0LD,5,tablet,electronics
U026,P017,view,2024-07-29 22:33:41,SESS_PUSDD,40,mobile,fashion
U026,P022,view,2024-07-30 00:20:10,SESS_ND669,41,mobile,fashion
U026,P003,view,2024-07-29 23:39:59,SESS_RCPPR,9,mobile,electronics
U027,P097,view,2024-10-06 23:16:11,SESS_EAO4N,85,mobile,toys
U027,P097,view,2024-10-06 23:39:04,SESS_VZRGO,50,mobile,toys
U027,P085,wishlist,2024-10-07 00:02:39,SESS_N3OEU,122,desktop,home
U027,P095,compare,2024-10-07 00:02:05,SESS_PKY32,164,desktop,toys
U027,P079,add_to_cart,2024-10-07 00:02:15,SESS_Z2C9R,235,desktop,home
U027,P084,view,2024-10-07 01:23:51,SESS_Z3V6D,45,desktop,home
U027,P097,view,2024-10-07 03:46:23,SESS_YO18P,30,mobile,toys
U027,P096,purchase,2024-10-07 04:51:43,SESS_UQO1V,248,mobile,toys
U028,P077,view,2024-07-06 11:45:09,SESS_FLQHR,60,mobile,home
U028,P093,view,2024-07-06 11:49:12,SESS_3E4XY,40,tablet,toys
U028,P036,click,2024-07-06 13:03:35,SESS_PQ2WG,251,mobile,food
U028,P047,purchase,2024-07-06 13:07:45,SESS_AHKZ2,267,mobile,books
U028,P033,add_to_cart,2024-07-06 13:54:05,SESS_EYR8L,228,desktop,food
U028,P081,review,2024-07-06 15:20:49,SESS_GY27V,232,mobile,home
U028,P077,add_to_cart,2024-07-06 16:35:09,SESS_FNVUP,279,desktop,home
U028,P090,purchase,2024-07-06 15:46:04,SESS_KG4W5,122,mobile,toys
U029,P094,click,2024-05-29 02:37:08,SESS_ZPGU2,33,mobile,toys
U029,P092,view,2024-05-29 03:09:21,SESS_U1RSU,22,desktop,toys
U029,P072,share,2024-05-29 02:44:48,SESS_1PHP0,88,desktop,beauty
U029,P008,view,2024-05-29 05:36:41,SESS_3P91I,56,desktop,electronics
U029,P097,click,2024-05-29 03:26:24,SESS_W232U,73,mobile,toys
U029,P027,view,2024-05-29 05:57:33,SESS_J49YD,53,desktop,fashion
U029,P062,view,2024-05-29 03:37:26,SESS_IZ31Y,36,mobile,sports
U029,P094,click,2024-05-29 03:20:11,SESS_W5DSK,117,mobile,toys
U030,P089,click,2024-05-07 02:33:25,SESS_WZ42O,249,tablet,toys
U030,P080,view,2024-05-07 03:13:52,SESS_E4261,32,mobile,home
U030,P088,click,2024-05-07 04:32:29,SESS_FQ9P9,97,tablet,toys
U030,P077,purchase,2024-05-07 03:27:40,SESS_CXXBW,299,desktop,home
U030,P039,view,2024-05-07 03:35:41,SESS_REIYA,74,mobile,food
U030,P087,add_to_cart,2024-05-07 03:02:35,SESS_ID3DN,183,mobile,home
U030,P038,compare,2024-05-07 03:37:55,SESS_CUVFM,114,desktop,food
U030,P085,purchase,2024-05-07 09:31:19,SESS_H6FE0,209,tablet,home
U031,P065,view,2024-02-24 07:18:42,SESS_VV2Y4,102,tablet,beauty
U031,P072,view,2024-02-24 07:46:26,SESS_KB68R,67,mobile,beauty
U031,P009,review,2024-02-24 07:22:20,SESS_97E4U,434,desktop,electronics
U031,P077,view,2024-02-24 07:35:30,SESS_AH78O,78,desktop,home
U031,P082,purchase,2024-02-24 07:45:10,SESS_XTFDC,591,mobile,home
U031,P070,purchase,2024-02-24 11:44:12,SESS_4YCZ0,553,mobile,beauty
U031,P077,purchase,2024-02-24 11:34:00,SESS_BXXGA,190,desktop,home
U031,P084,purchase,2024-02-24 13:58:38,SESS_ZGE2J,573,mobile,home
U032,P060,view,2024-05-10 02:31:44,SESS_9WRSB,64,mobile,sports
U032,P065,share,2024-05-10 03:18:45,SESS_0ISB5,72,mobile,beauty
U032,P018,share,2024-05-10 04:30:48,SESS_B2ZXI,73,mobile,fashion
U032,P053,wishlist,2024-05-10 02:59:11,SESS_S6G29,112,mobile,sports
U032,P068,add_to_cart,2024-05-10 05:06:44,SESS_QNK20,72,mobile,beauty
U032,P067,share,2024-05-10 05:43:14,SESS_1IAOI,98,mobile,beauty
U032,P021,view,2024-05-10 07:06:56,SESS_N0LH9,36,mobile,fashion
U032,P027,wishlist,2024-05-10 02:59:37,SESS_76SZN,31,mobile,fashion
U033,P025,click,2024-09-04 11:16:50,SESS_XEK47,462,desktop,fashion
U033,P071,view,2024-09-04 11:22:55,SESS_7E1DD,88,desktop,beauty
U033,P069,compare,2024-09-04 11:47:10,SESS_QQ4D3,371,tablet,beauty
U033,P004,review,2024-09-04 12:26:56,SESS_FZ8OB,366,mobile,electronics
U033,P007,review,2024-09-04 13:52:38,SESS_0IQ2F,72,mobile,electronics
U033,P042,add_to_cart,2024-09-04 13:38:30,SESS_NWXUJ,136,mobile,books
U033,P071,review,2024-09-04 12:00:26,SESS_63LBQ,232,tablet,beauty
U033,P070,purchase,2024-09-04 14:26:39,SESS_YGHGK,572,mobile,beauty
U034,P008,click,2024-08-27 14:38:38,SESS_RDNPX,389,desktop,electronics
U034,P007,add_to_cart,2024-08-27 15:04:08,SESS_R2MUL,258,mobile,electronics
U034,P040,compare,2024-08-27 16:26:54,SESS_K3QMV,239,tablet,books
U034,P055,click,2024-08-27 17:28:47,SESS_2018U,318,desktop,sports
U034,P030,click,2024-08-27 16:09:26,SESS_3Z6BZ,410,desktop,food
U034,P047,share,2024-08-27 15:43:33,SESS_RDIHS,120,desktop,books
U034,P045,compare,2024-08-27 20:13:14,SESS_4LAV7,176,tablet,books
U034,P021,compare,2024-08-27 20:02:02,SESS_ODKEF,343,desktop,fashion
U035,P096,click,2024-09-09 02:47:55,SESS_2IVGL,180,mobile,toys
U035,P085,view,2024-09-09 03:30:02,SESS_L3WXD,61,mobile,home
U035,P045,compare,2024-09-09 03:12:49,SESS_W83Y0,145,mobile,books
U035,P039,view,2024-09-09 03:43:28,SESS_2ZBPP,40,tablet,food
U035,P081,purchase,2024-09-09 03:19:35,SESS_32U1I,235,mobile,home
U035,P052,add_to_cart,2024-09-09 03:28:35,SESS_CGN0T,77,mobile,sports
U035,P099,view,2024-09-09 07:21:37,SESS_F6FDH,42,mobile,toys
U035,P096,add_to_cart,2024-09-09 05:09:26,SESS_KDOTR,57,mobile,toys
U036,P091,view,2024-04-24 09:23:59,SESS_GKC4L,85,desktop,toys
U036,P053,click,2024-04-24 09:51:26,SESS_G5NQJ,536,mobile,sports
U036,P003,wishlist,2024-04-24 10:57:05,SESS_DY3O1,292,desktop,electronics
U036,P084,purchase,2024-04-24 11:04:11,SESS_UIKO4,137,desktop,home
U036,P029,share,2024-04-24 11:30:35,SESS_G983E,493,mobile,food
U036,P014,purchase,2024-04-24 14:13:39,SESS_VL03D,404,desktop,electronics
U036,P084,purchase,2024-04-24 09:34:59,SESS_2WSPO,195,desktop,home
U036,P015,add_to_cart,2024-04-24 15:43:30,SESS_DKTMO,452,desktop,electronics
U037,P007,view,2024-07-02 17:06:50,SESS_YOO5Y,123,desktop,electronics
U037,P064,view,2024-07-02 18:02:00,SESS_KKRZD,175,desktop,beauty
U037,P059,compare,2024-07-02 17:52:38,SESS_JPXGH,328,desktop,sports
U037,P064,wishlist,2024-07-02 17:42:23,SESS_CZO2S,411,mobile,beauty
U037,P040,click,2024-07-02 19:15:26,SESS_BMHNQ,323,desktop,books
U037,P043,review,2024-07-02 20:34:35,SESS_Q8RTM,252,desktop,books
U037,P001,review,2024-07-02 18:19:32,SESS_42HHI,225,desktop,electronics
U037,P050,view,2024-07-02 18:16:57,SESS_XVAJ2,139,desktop,books
U038,P014,view,2024-04-16 22:42:51,SESS_HKSWV,120,desktop,electronics
U038,P009,click,2024-04-16 23:25:25,SESS_KYRMJ,286,tablet,electronics
U038,P062,click,2024-04-16 23:05:19,SESS_SIC43,326,desktop,sports
U038,P052,share,2024-04-16 23:46:21,SESS_JPNBZ,412,tablet,sports
U038,P055,share,2024-04-17 01:41:07,SESS_26YS4,456,tablet,sports
U038,P047,click,2024-04-17 00:16:06,SESS_0U686,455,mobile,books
U038,P056,share,2024-04-17 01:04:33,SESS_NVQEB,444,desktop,sports
U038,P023,compare,2024-04-17 02:48:54,SESS_EYTO5,197,mobile,fashion
U039,P090,view,2024-06-07 21:56:39,SESS_GCL9L,8,mobile,toys
U039,P010,add_to_cart,2024-06-07 22:31:04,SESS_22EPP,59,tablet,electronics
U039,P009,view,2024-06-07 22:49:35,SESS_861TA,5,desktop,electronics
U039,P093,view,2024-06-07 22:20:39,SESS_NVG3K,23,mobile,toys
U039,P093,click,2024-06-08 01:08:11,SESS_9M6MG,108,mobile,toys
U039,P090,view,2024-06-07 22:09:04,SESS_VGNXB,61,desktop,toys
U039,P010,compare,2024-06-08 02:33:45,SESS_D4BEP,67,mobile,electronics
U039,P004,add_to_cart,2024-06-08 03:04:46,SESS_APDSW,94,mobile,electronics
U040,P029,view,2024-02-10 17:52:17,SESS_DHHJS,22,mobile,food
U040,P016,click,2024-02-10 18:07:27,SESS_YRIAD,38,tablet,fashion
U040,P017,share,2024-02-10 18:04:31,SESS_0DJI9,85,mobile,fashion
U040,P016,share,2024-02-10 19:09:02,SESS_2L0D1,21,mobile,fashion
U040,P030,add_to_cart,2024-02-10 19:55:45,SESS_8J0NM,39,mobile,food
U040,P058,review,2024-02-10 20:40:27,SESS_2X2EZ,75,tablet,sports
U040,P022,share,2024-02-10 21:15:59,SESS_2YGNM,17,tablet,fashion
U040,P035,share,2024-02-10 18:53:11,SESS_5PCXA,183,mobile,food
U041,P057,click,2024-10-08 02:03:30,SESS_ZDXIM,466,desktop,sports
U041,P061,view,2024-10-08 02:48:25,SESS_7SQRF,168,desktop,sports
U041,P001,wishlist,2024-10-08 03:20:38,SESS_XOIQ2,349,mobile,electronics
U041,P002,compare,2024-10-08 04:39:06,SESS_XDOUA,166,desktop,electronics
U041,P060,share,2024-10-08 05:06:14,SESS_Y8NBI,352,desktop,sports
U041,P099,compare,2024-10-08 06:12:50,SESS_QDXAM,444,tablet,toys
U041,P057,compare,2024-10-08 02:28:12,SESS_6R30O,250,desktop,sports
U041,P004,share,2024-10-08 08:23:50,SESS_GM1BW,464,desktop,electronics
U042,P036,view,2024-06-23 23:00:25,SESS_A0TPV,69,mobile,food
U042,P039,click,2024-06-23 23:51:17,SESS_3DXVL,108,mobile,food
U042,P031,click,2024-06-23 23:49:13,SESS_8QEOZ,141,mobile,food
U042,P075,review,2024-06-24 00:56:46,SESS_WHWKM,93,tablet,beauty
U042,P024,wishlist,2024-06-24 01:58:17,SESS_LEMRU,180,desktop,fashion
U042,P032,share,2024-06-24 01:29:35,SESS_3SAFY,61,mobile,food
U042,P062,wishlist,2024-06-24 04:50:13,SESS_C2HTM,125,mobile,sports
U042,P051,review,2024-06-24 02:13:09,SESS_I22KX,157,mobile,books
U043,P088,view,2024-09-23 02:02:57,SESS_H54PI,70,desktop,toys
U043,P096,click,2024-09-23 02:17:21,SESS_18KGY,125,tablet,toys
U043,P022,view,2024-09-23 02:43:03,SESS_UEVJL,75,tablet,fashion
U043,P085,view,2024-09-23 04:14:00,SESS_WXRUM,80,desktop,home
U043,P036,view,2024-09-23 04:24:53,SESS_FTOM5,72,mobile,food
U043,P037,purchase,2024-09-23 05:19:32,SESS_39AYQ,284,desktop,food
U043,P038,review,2024-09-23 04:45:09,SESS_68NTK,293,desktop,food
U043,P095,view,2024-09-23 07:21:13,SESS_GS8G8,64,desktop,toys
U044,P050,click,2024-03-22 20:37:32,SESS_H350P,156,desktop,books
U044,P012,view,2024-03-22 20:44:30,SESS_CGJC3,178,desktop,electronics
U044,P058,wishlist,2024-03-22 20:41:50,SESS_OEAZC,419,mobile,sports
U044,P072,view,2024-03-22 23:21:41,SESS_YVK7N,172,desktop,beauty
U044,P055,view,2024-03-22 22:28:16,SESS_24KWK,176,tablet,sports
U044,P064,share,2024-03-22 23:51:57,SESS_FBUOT,163,desktop,beauty
U044,P067,share,2024-03-23 01:08:02,SESS_4FGWJ,178,mobile,beauty
U044,P014,compare,2024-03-23 01:06:48,SESS_QTKCD,491,desktop,electronics
U045,P091,view,2024-05-18 16:46:14,SESS_CGRLX,74,desktop,toys
U045,P081,compare,2024-05-18 16:58:44,SESS_AIH0P,275,mobile,home
U045,P083,add_to_cart,2024-05-18 17:37:12,SESS_1RDXC,173,tablet,home
U045,P091,add_to_cart,2024-05-18 18:57:32,SESS_CCASB,237,desktop,toys
U045,P036,add_to_cart,2024-05-18 19:17:34,SESS_Q1NI1,178,mobile,food
U045,P034,purchase,2024-05-18 16:54:49,SESS_X43WF,251,mobile,food
U045,P097,purchase,2024-05-18 17:52:02,SESS_0RMHR,136,mobile,toys
U045,P091,purchase,2024-05-18 23:11:21,SESS_NQQB9,202,mobile,toys
U046,P061,click,2024-09-03 01:16:20,SESS_NNV6C,158,mobile,sports
U046,P081,purchase,2024-09-03 01:40:53,SESS_RRVSF,162,mobile,home
U046,P079,click,2024-09-03 01:39:48,SESS_NZEI3,88,mobile,home
U046,P037,click,2024-09-03 04:09:59,SESS_OIEVE,292,mobile,food
U046,P030,add_to_cart,2024-09-03 02:09:28,SESS_SO8W5,175,tablet,food
U046,P095,review,2024-09-03 02:19:30,SESS_HOFU1,219,desktop,toys
U046,P098,add_to_cart,2024-09-03 04:28:02,SESS_VCNEA,297,tablet,toys
U046,P078,purchase,2024-09-03 02:48:02,SESS_RWB2S,150,mobile,home
U047,P050,click,2024-12-16 07:06:26,SESS_P5ZP7,366,desktop,books
U047,P063,share,2024-12-16 08:04:35,SESS_ZDERI,162,desktop,sports
U047,P080,view,2024-12-16 08:45:14,SESS_0ASSN,133,desktop,home
U047,P002,view,2024-12-16 09:22:50,SESS_VJTUW,163,desktop,electronics
U047,P060,wishlist,2024-12-16 08:51:30,SESS_UR9U1,323,desktop,sports
U047,P027,add_to_cart,2024-12-16 11:38:41,SESS_ZFHOM,401,desktop,fashion
U047,P042,review,2024-12-16 11:32:50,SESS_ADF7P,152,desktop,books
U047,P052,compare,2024-12-16 10:24:53,SESS_WSZV8,209,desktop,sports
U048,P055,view,2024-03-19 08:02:51,SESS_SZWYM,101,mobile,sports
U048,P082,view,2024-03-19 08:30:49,SESS_OHAZ7,95,mobile,home
U048,P069,compare,2024-03-19 08:42:35,SESS_I8QOA,239,desktop,beauty
U048,P009,click,2024-03-19 08:29:48,SESS_2853U,513,tablet,electronics
U048,P013,add_to_cart,2024-03-19 11:38:35,SESS_QQVAE,129,desktop,electronics
U048,P050,review,2024-03-19 12:40:56,SESS_L8SA3,314,mobile,books
U048,P069,click,2024-03-19 09:21:57,SESS_RM6J8,254,desktop,beauty
U048,P067,review,2024-03-19 09:48:33,SESS_I44M2,182,tablet,beauty
U049,P048,compare,2024-09-14 15:33:38,SESS_RWR96,260,desktop,books
U049,P058,view,2024-09-14 16:14:00,SESS_ESP7B,142,desktop,sports
U049,P047,compare,2024-09-14 17:10:58,SESS_SLAYN,171,desktop,books
U049,P003,review,2024-09-14 16:25:11,SESS_J8MGP,334,desktop,electronics
U049,P005,wishlist,2024-09-14 18:13:38,SESS_EUIDJ,240,desktop,electronics
U049,P042,compare,2024-09-14 19:50:43,SESS_F3GR9,442,desktop,books
U049,P092,purchase,2024-09-14 21:31:14,SESS_UOYC3,363,tablet,toys
U049,P057,purchase,2024-09-14 18:32:43,SESS_U7JAE,467,tablet,sports
U050,P090,compare,2024-08-11 15:43:31,SESS_MYR06,84,desktop,toys
U050,P014,view,2024-08-11 16:39:39,SESS_7PWO6,10,mobile,electronics
U050,P026,view,2024-08-11 16:22:01,SESS_VO527,52,mobile,fashion
U050,P078,view,2024-08-11 15:51:13,SESS_EIJ00,18,mobile,home
U050,P015,share,2024-08-11 18:17:15,SESS_B1S9D,84,mobile,electronics
U050,P020,view,2024-08-11 20:00:16,SESS_KWE4B,47,mobile,fashion
U050,P095,compare,2024-08-11 19:30:55,SESS_7TE8T,97,mobile,toys
U050,P097,click,2024-08-11 20:56:11,SESS_XLMT2,61,mobile,toys
U051,P009,purchase,2024-03-01 11:23:33,SESS_EKTYR,506,desktop,electronics
U051,P080,click,2024-03-01 12:18:56,SESS_ANOUO,227,desktop,home
U051,P079,click,2024-03-01 12:23:11,SESS_WS2WY,338,mobile,home
U051,P058,click,2024-03-01 11:40:33,SESS_GKWWJ,563,mobile,sports
U051,P009,view,2024-03-01 11:55:25,SESS_KEPAD,60,desktop,electronics
U051,P083,compare,2024-03-01 14:06:48,SESS_ZBC1F,332,desktop,home
U051,P078,add_to_cart,2024-03-01 17:14:09,SESS_JNA9Z,454,desktop,home
U051,P064,add_to_cart,2024-03-01 17:21:50,SESS_1S9RY,379,tablet,beauty
U052,P096,view,2024-10-09 19:39:41,SESS_WH55H,12,mobile,toys
U052,P003,add_to_cart,2024-10-09 20:20:35,SESS_E2AB2,65,desktop,electronics
U052,P004,view,2024-10-09 19:54:09,SESS_YM81C,27,desktop,electronics
U052,P018,click,2024-10-09 20:47:32,SESS_9212P,29,mobile,fashion
U052,P090,view,2024-10-09 19:54:25,SESS_RPKZG,16,mobile,toys
U052,P020,review,2024-10-09 23:09:01,SESS_6TCFK,76,mobile,fashion
U052,P096,click,2024-10-09 21:01:35,SESS_5WNWL,13,desktop,toys
U052,P019,click,2024-10-09 23:44:20,SESS_1FKOL,17,mobile,fashion
U053,P028,view,2024-11-20 08:33:58,SESS_GBXNR,44,desktop,food
U053,P019,click,2024-11-20 08:39:48,SESS_A7X73,64,tablet,fashion
U053,P099,compare,2024-11-20 09:32:44,SESS_32CWT,106,mobile,toys
U053,P009,view,2024-11-20 11:05:28,SESS_INGXU,65,mobile,electronics
U053,P087,view,2024-11-20 11:32:18,SESS_UYZPD,55,mobile,home
U053,P026,view,2024-11-20 12:03:43,SESS_PML9L,28,mobile,fashion
U053,P093,add_to_cart,2024-11-20 12:30:34,SESS_TNT0M,62,mobile,toys
U053,P088,compare,2024-11-20 13:25:38,SESS_AE6A9,73,tablet,toys
U054,P060,click,2024-11-15 05:02:07,SESS_7FBME,51,tablet,sports
U054,P020,view,2024-11-15 05:30:24,SESS_UHCLR,36,tablet,fashion
U054,P089,click,2024-11-15 05:45:07,SESS_B3N27,47,mobile,toys
U054,P077,share,2024-11-15 05:51:31,SESS_047WW,11,mobile,home
U054,P097,view,2024-11-15 07:23:15,SESS_ZFY98,53,mobile,toys
U054,P007,view,2024-11-15 07:21:42,SESS_FMR0T,21,mobile,electronics
U054,P090,wishlist,2024-11-15 08:25:01,SESS_URXHW,99,mobile,toys
U054,P022,click,2024-11-15 09:44:20,SESS_DYPML,81,desktop,fashion
U055,P097,view,2024-03-06 17:34:24,SESS_7IYF0,15,mobile,toys
U055,P030,wishlist,2024-03-06 18:31:23,SESS_KM2KQ,94,mobile,food
U055,P024,wishlist,2024-03-06 18:11:42,SESS_TW9ZY,106,mobile,fashion
U055,P020,click,2024-03-06 18:35:33,SESS_HZJQ8,27,mobile,fashion
U055,P033,share,2024-03-06 17:43:36,SESS_K5N9S,191,mobile,food
U055,P036,click,2024-03-06 18:47:14,SESS_SQ7AI,145,mobile,food
U055,P030,view,2024-03-06 22:20:36,SESS_MWI9S,61,mobile,food
U055,P064,share,2024-03-06 19:55:13,SESS_IMOE0,143,tablet,beauty
U056,P004,click,2024-08-30 22:18:42,SESS_86LTH,190,desktop,electronics
U056,P042,view,2024-08-30 23:07:50,SESS_66P61,161,tablet,books
U056,P065,share,2024-08-30 23:58:54,SESS_EL501,331,tablet,beauty
U056,P062,compare,2024-08-30 23:17:45,SESS_FGEA9,435,desktop,sports
U056,P049,click,2024-08-31 01:30:22,SESS_AC2E4,360,desktop,books
U056,P008,share,2024-08-30 23:19:32,SESS_GB1AJ,331,desktop,electronics
U056,P043,view,2024-08-31 01:24:36,SESS_5RLQI,145,desktop,books
U056,P012,wishlist,2024-08-31 03:17:50,SESS_7UTXZ,139,desktop,electronics
U057,P048,click,2024-11-17 04:17:34,SESS_BN18G,510,desktop,books
U057,P083,view,2024-11-17 04:38:39,SESS_WBSF3,88,mobile,home
U057,P013,purchase,2024-11-17 05:54:36,SESS_TOLAQ,579,desktop,electronics
U057,P077,click,2024-11-17 06:42:13,SESS_XZF0D,520,desktop,home
U057,P070,purchase,2024-11-17 06:41:14,SESS_WFTBG,291,desktop,beauty
U057,P003,review,2024-11-17 05:23:34,SESS_1BL08,355,desktop,electronics
U057,P004,view,2024-11-17 09:37:04,SESS_JQ4TA,116,desktop,electronics
U057,P071,purchase,2024-11-17 07:55:37,SESS_CVITW,405,tablet,beauty
U058,P093,view,2024-03-12 18:50:00,SESS_BUVLD,11,mobile,toys
U058,P092,click,2024-03-12 19:38:12,SESS_ZUU80,51,tablet,toys
U058,P021,click,2024-03-12 19:43:44,SESS_314CQ,20,desktop,fashion
U058,P094,click,2024-03-12 21:15:30,SESS_HCU9T,16,mobile,toys
U058,P092,click,2024-03-12 22:45:28,SESS_LS9ME,77,mobile,toys
U058,P095,wishlist,2024-03-12 22:23:00,SESS_IKGEQ,106,mobile,toys
U058,P082,view,2024-03-12 21:19:12,SESS_UWAHK,55,mobile,home
U058,P093,wishlist,2024-03-12 19:51:22,SESS_YM0WB,27,mobile,toys
U059,P064,click,2024-12-24 04:16:13,SESS_FQ56Q,115,tablet,beauty
U059,P032,click,2024-12-24 05:03:30,SESS_LTHY2,100,mobile,food
U059,P021,compare,2024-12-24 05:43:45,SESS_TFVGE,138,desktop,fashion
U059,P020,wishlist,2024-12-24 06:00:58,SESS_5N3KS,54,mobile,fashion
U059,P041,wishlist,2024-12-24 04:27:01,SESS_26FMR,144,mobile,books
U059,P024,review,2024-12-24 05:06:28,SESS_HBN5E,139,tablet,fashion
U059,P029,wishlist,2024-12-24 04:41:01,SESS_D10A1,173,tablet,food
U059,P020,wishlist,2024-12-24 06:55:42,SESS_1YJFE,169,mobile,fashion
U060,P020,view,2024-07-29 16:44:02,SESS_2UGL6,39,mobile,fashion
U060,P026,view,2024-07-29 17:11:13,SESS_BPGVV,58,desktop,fashion
U060,P020,view,2024-07-29 17:13:04,SESS_ZYT91,34,mobile,fashion
U060,P095,view,2024-07-29 17:50:35,SESS_YZQII,60,tablet,toys
U060,P022,view,2024-07-29 19:49:38,SESS_L4LRC,12,mobile,fashion
U060,P005,wishlist,2024-07-29 20:15:17,SESS_USOZD,76,desktop,electronics
U060,P094,click,2024-07-29 18:27:44,SESS_WT9NM,109,desktop,toys
U060,P025,wishlist,2024-07-29 21:11:12,SESS_YGY0Z,112,mobile,fashion
U061,P047,view,2024-06-28 18:37:09,SESS_CD31N,151,desktop,books
U061,P042,share,2024-06-28 19:29:41,SESS_WAFFT,319,desktop,books
U061,P050,compare,2024-06-28 19:20:03,SESS_U6K7P,296,tablet,books
U061,P060,purchase,2024-06-28 19:06:15,SESS_4C68A,406,tablet,sports
U061,P014,view,2024-06-28 20:39:01,SESS_ZOLNN,154,desktop,electronics
U061,P043,share,2024-06-28 23:29:59,SESS_74F9Y,188,mobile,books
U061,P051,compare,2024-06-28 23:12:33,SESS_P9DXO,353,tablet,books
U061,P010,click,2024-06-28 22:47:31,SESS_P3NIP,123,desktop,electronics
U062,P058,share,2024-04-01 22:40:10,SESS_N9UZE,133,tablet,sports
U062,P039,click,2024-04-01 23:39:49,SESS_92QC6,32,mobile,food
U062,P038,view,2024-04-02 00:08:40,SESS_TUW6T,10,mobile,food
U062,P073,review,2024-04-02 00:09:22,SESS_M9KGZ,137,desktop,beauty
U062,P026,wishlist,2024-04-01 23:30:18,SESS_UXK0A,134,mobile,fashion
U062,P068,add_to_cart,2024-04-02 00:21:00,SESS_JJ0V6,199,mobile,beauty
U062,P020,share,2024-04-02 00:22:52,SESS_R25MD,47,mobile,fashion
U062,P100,compare,2024-04-02 04:55:15,SESS_NX0GU,148,mobile,toys
U063,P008,view,2024-11-14 06:34:57,SESS_R87IY,29,mobile,electronics
U063,P016,view,2024-11-14 07:30:22,SESS_QY8YB,63,mobile,fashion
U063,P025,compare,2024-11-14 08:34:07,SESS_JJ2JV,89,desktop,fashion
U063,P048,view,2024-11-14 08:59:18,SESS_9LAAC,31,mobile,books
U063,P021,view,2024-11-14 07:56:17,SESS_JBWCV,62,tablet,fashion
U063,P027,compare,2024-11-14 07:09:22,SESS_4EX6U,71,tablet,fashion
U063,P020,click,2024-11-14 07:11:57,SESS_W7JP6,103,desktop,fashion
U063,P005,wishlist,2024-11-14 09:44:46,SESS_N9J3G,13,mobile,electronics
U064,P095,view,2024-08-25 00:25:33,SESS_1HX6Z,36,mobile,toys
U064,P092,add_to_cart,2024-08-25 00:27:49,SESS_6FX7X,166,mobile,toys
U064,P085,view,2024-08-25 02:04:09,SESS_7RP42,80,mobile,home
U064,P087,wishlist,2024-08-25 02:07:15,SESS_ET9MK,58,desktop,home
U064,P021,purchase,2024-08-25 02:02:21,SESS_CQ1XG,130,tablet,fashion
U064,P087,purchase,2024-08-25 01:06:58,SESS_WMDW0,155,mobile,home
U064,P091,purchase,2024-08-25 00:57:21,SESS_2XR83,124,mobile,toys
U064,P088,purchase,2024-08-25 02:13:42,SESS_3YQY5,158,desktop,toys
U065,P008,click,2024-01-28 23:24:02,SESS_6WIXA,85,mobile,electronics
U065,P008,click,2024-01-29 00:22:03,SESS_V3DR2,33,mobile,electronics
U065,P027,add_to_cart,2024-01-29 00:10:18,SESS_EYTL8,32,desktop,fashion
U065,P017,view,2024-01-28 23:55:56,SESS_1GNFI,42,mobile,fashion
U065,P097,click,2024-01-29 00:11:06,SESS_ARAGD,88,mobile,toys
U065,P100,wishlist,2024-01-29 02:11:27,SESS_YHXSO,27,desktop,toys
U065,P012,click,2024-01-29 00:06:02,SESS_W2MAI,20,tablet,electronics
U065,P072,click,2024-01-29 03:12:49,SESS_1XJG2,92,tablet,beauty
U066,P088,view,2024-07-12 05:10:27,SESS_KPM21,32,mobile,toys
U066,P090,view,2024-07-12 05:13:26,SESS_RE6ZV,50,mobile,toys
U066,P067,wishlist,2024-07-12 05:56:57,SESS_IIOH6,67,mobile,beauty
U066,P078,add_to_cart,2024-07-12 07:18:15,SESS_QNEZW,168,mobile,home
U066,P097,view,2024-07-12 05:51:43,SESS_DQP1H,48,desktop,toys
U066,P037,compare,2024-07-12 10:07:17,SESS_IOS5H,181,tablet,food
U066,P094,wishlist,2024-07-12 06:57:27,SESS_IPI78,32,mobile,toys
U066,P087,wishlist,2024-07-12 05:33:26,SESS_PO3ZD,283,mobile,home
U067,P004,view,2024-01-05 19:47:26,SESS_I9AYF,149,tablet,electronics
U067,P008,click,2024-01-05 19:57:53,SESS_5O2NQ,444,mobile,electronics
U067,P015,share,2024-01-05 21:01:54,SESS_BPJ8T,226,desktop,electronics
U067,P012,compare,2024-01-05 21:35:50,SESS_8Y5DN,436,mobile,electronics
U067,P060,compare,2024-01-05 22:24:30,SESS_ZH9IE,364,desktop,sports
U067,P051,compare,2024-01-05 21:41:46,SESS_MJYJC,296,desktop,books
U067,P047,compare,2024-01-06 00:31:14,SESS_36QNY,474,tablet,books
U067,P019,compare,2024-01-05 23:33:11,SESS_DOG8C,204,desktop,fashion
U068,P048,compare,2024-07-11 18:07:08,SESS_K8TEM,347,desktop,books
U068,P041,view,2024-07-11 19:02:52,SESS_I8XOM,161,desktop,books
U068,P063,review,2024-07-11 19:24:00,SESS_QKE2G,253,desktop,sports
U068,P013,compare,2024-07-11 18:40:29,SESS_MQF7Z,266,mobile,electronics
U068,P063,compare,2024-07-11 21:48:04,SESS_FIBLE,253,desktop,sports
U068,P052,compare,2024-07-11 20:09:28,SESS_FQ9TE,132,desktop,sports
U068,P047,compare,2024-07-11 19:17:02,SESS_A09LZ,362,tablet,books
U068,P037,compare,2024-07-11 21:45:18,SESS_MERBY,179,desktop,food
U069,P077,view,2024-11-22 13:32:27,SESS_XVH7K,61,mobile,home
U069,P024,view,2024-11-22 14:06:55,SESS_LV76M,69,desktop,fashion
U069,P081,view,2024-11-22 14:21:31,SESS_M95D0,88,desktop,home
U069,P080,click,2024-11-22 16:04:30,SESS_8P6FV,148,mobile,home
U069,P069,view,2024-11-22 16:17:43,SESS_1DO6O,95,desktop,beauty
U069,P004,add_to_cart,2024-11-22 15:47:42,SESS_KR3KV,565,desktop,electronics
U069,P013,view,2024-11-22 15:25:57,SESS_KXWEX,78,desktop,electronics
U069,P074,add_to_cart,2024-11-22 14:36:23,SESS_1R8VN,552,desktop,beauty
U070,P029,view,2024-08-31 21:20:50,SESS_U4FCL,66,mobile,food
U070,P020,view,2024-08-31 22:05:16,SESS_6MKT7,42,mobile,fashion
U070,P025,share,2024-08-31 22:37:04,SESS_LL42J,188,mobile,fashion
U070,P033,share,2024-08-31 21:26:26,SESS_EK2O7,51,mobile,food
U070,P019,share,2024-08-31 23:57:22,SESS_W3STT,39,mobile,fashion
U070,P018,share,2024-09-01 00:09:30,SESS_MYFP9,143,desktop,fashion
U070,P032,view,2024-09-01 03:00:26,SESS_EEYYL,23,mobile,food
U070,P029,click,2024-09-01 03:38:01,SESS_RPHBX,161,mobile,food
U071,P026,view,2024-04-08 06:14:49,SESS_27H6G,27,mobile,fashion
U071,P092,share,2024-04-08 06:39:33,SESS_M42WS,13,mobile,toys
U071,P009,view,2024-04-08 06:42:57,SESS_8G1A0,64,mobile,electronics
U071,P095,click,2024-04-08 08:18:31,SESS_GYD49,59,mobile,toys
U071,P013,compare,2024-04-08 06:52:33,SESS_QSRNK,106,mobile,electronics
U071,P007,view,2024-04-08 09:44:44,SESS_0Y4IO,59,mobile,electronics
U071,P098,click,2024-04-08 06:26:01,SESS_9RDPX,15,mobile,toys
U071,P097,compare,2024-04-08 12:16:01,SESS_79C9M,98,tablet,toys
U072,P092,add_to_cart,2024-03-31 10:30:08,SESS_UJ2XO,547,desktop,toys
U072,P096,view,2024-03-31 11:23:33,SESS_QERI7,61,mobile,toys
U072,P008,purchase,2024-03-31 10:56:34,SESS_NYFWD,159,desktop,electronics
U072,P083,click,2024-03-31 12:48:41,SESS_RST3T,78,tablet,home
U072,P077,add_to_cart,2024-03-31 12:00:00,SESS_4PBGX,370,tablet,home
U072,P078,purchase,2024-03-31 12:47:53,SESS_RDYXY,412,desktop,home
U072,P009,click,2024-03-31 12:23:56,SESS_R8WM9,388,mobile,electronics
U072,P014,purchase,2024-03-31 17:03:53,SESS_0A6MD,296,tablet,electronics
U073,P004,click,2024-01-22 22:08:42,SESS_DY5EG,393,mobile,electronics
U073,P085,click,2024-01-22 22:38:27,SESS_JZV9N,459,desktop,home
U073,P077,purchase,2024-01-22 22:38:48,SESS_MS1MW,306,tablet,home
U073,P065,review,2024-01-23 00:01:24,SESS_HJKU2,154,desktop,beauty
U073,P069,click,2024-01-23 00:47:22,SESS_2RH2X,369,desktop,beauty
U073,P072,purchase,2024-01-23 00:35:07,SESS_OWQ1G,129,desktop,beauty
U073,P010,purchase,2024-01-23 02:45:18,SESS_80Q7T,434,tablet,electronics
U073,P009,add_to_cart,2024-01-23 01:56:40,SESS_FFYKP,386,tablet,electronics
U074,P080,wishlist,2024-09-03 04:37:56,SESS_FYIIF,44,mobile,home
U074,P095,click,2024-09-03 05:08:42,SESS_P6HJB,172,desktop,toys
U074,P039,add_to_cart,2024-09-03 04:42:38,SESS_B6LKC,238,tablet,food
U074,P034,compare,2024-09-03 07:09:14,SESS_4IUSE,230,tablet,food
U074,P059,review,2024-09-03 05:46:56,SESS_V1L30,266,desktop,sports
U074,P079,add_to_cart,2024-09-03 05:42:41,SESS_HJO5C,221,desktop,home
U074,P094,purchase,2024-09-03 06:24:50,SESS_857NZ,198,mobile,toys
U074,P014,wishlist,2024-09-03 11:06:40,SESS_7Y2IT,188,desktop,electronics
U075,P024,wishlist,2024-12-16 18:02:03,SESS_PA877,274,mobile,fashion
U075,P044,view,2024-12-16 18:13:59,SESS_6W51O,122,desktop,books
U075,P008,compare,2024-12-16 19:58:53,SESS_LP7DF,253,desktop,electronics
U075,P063,compare,2024-12-16 20:36:06,SESS_LZ1XG,347,desktop,sports
U075,P004,share,2024-12-16 19:31:43,SESS_UDIZ1,452,desktop,electronics
U075,P081,share,2024-12-16 22:17:58,SESS_EGVLK,163,desktop,home
U075,P014,compare,2024-12-16 19:39:57,SESS_AAUWI,165,tablet,electronics
U075,P054,view,2024-12-16 23:04:20,SESS_PJDN8,127,mobile,sports
U076,P098,click,2024-10-27 08:13:52,SESS_ZG52K,566,desktop,toys
U076,P010,view,2024-10-27 09:11:07,SESS_KYPOF,78,tablet,electronics
U076,P079,add_to_cart,2024-10-27 09:49:16,SESS_XDQ59,467,desktop,home
U076,P087,purchase,2024-10-27 08:31:49,SESS_DCLI6,430,tablet,home
U076,P001,click,2024-10-27 11:07:04,SESS_N9YE6,102,desktop,electronics
U076,P071,share,2024-10-27 10:58:37,SESS_ELTFE,105,tablet,beauty
U076,P087,purchase,2024-10-27 11:15:58,SESS_K5W1J,280,desktop,home
U076,P071,review,2024-10-27 09:33:05,SESS_U7WPG,115,mobile,beauty
U077,P022,view,2024-04-11 01:27:47,SESS_BMZRR,59,desktop,fashion
U077,P017,view,2024-04-11 01:48:10,SESS_GGSJ6,42,mobile,fashion
U077,P009,wishlist,2024-04-11 01:54:25,SESS_OC1Y5,8,mobile,electronics
U077,P022,click,2024-04-11 01:52:29,SESS_4FC3X,63,desktop,fashion
U077,P088,view,2024-04-11 01:43:43,SESS_X8L00,56,mobile,toys
U077,P013,add_to_cart,2024-04-11 03:23:02,SESS_20TVD,37,mobile,electronics
U077,P077,view,2024-04-11 02:58:59,SESS_F2K1X,12,mobile,home
U077,P062,add_to_cart,2024-04-11 04:26:17,SESS_X3SR5,65,mobile,sports
U078,P073,view,2024-02-05 00:55:59,SESS_PBMQI,163,desktop,beauty
U078,P020,click,2024-02-05 01:02:23,SESS_6RFE6,247,desktop,fashion
U078,P048,view,2024-02-05 01:04:07,SESS_SSOQZ,172,desktop,books
U078,P048,view,2024-02-05 03:30:38,SESS_XGGOC,176,desktop,books
U078,P059,compare,2024-02-05 03:02:47,SESS_WJ85G,214,mobile,sports
U078,P062,click,2024-02-05 04:03:19,SESS_AOAXQ,327,tablet,sports
U078,P092,compare,2024-02-05 05:14:35,SESS_MYYOK,184,mobile,toys
U078,P051,compare,2024-02-05 07:53:25,SESS_ARFI4,395,mobile,books
U079,P076,view,2024-06-28 23:26:21,SESS_0QRAQ,75,mobile,home
U079,P076,view,2024-06-28 23:34:21,SESS_WZ940,98,desktop,home
U079,P008,add_to_cart,2024-06-29 00:38:25,SESS_VWY3R,122,desktop,electronics
U079,P084,view,2024-06-29 01:42:06,SESS_PRR7M,104,desktop,home
U079,P067,add_to_cart,2024-06-29 01:29:57,SESS_IH6MV,539,mobile,beauty
U079,P070,compare,2024-06-29 04:15:41,SESS_7XMR8,225,desktop,beauty
U079,P065,wishlist,2024-06-29 00:25:09,SESS_GFR27,565,desktop,beauty
U079,P001,purchase,2024-06-29 01:37:57,SESS_MF36B,152,desktop,electronics
U080,P008,view,2024-03-29 00:54:22,SESS_211U6,59,desktop,electronics
U080,P089,click,2024-03-29 01:25:15,SESS_28192,83,desktop,toys
U080,P009,view,2024-03-29 02:22:22,SESS_EHN0Z,53,mobile,electronics
U080,P018,click,2024-03-29 02:05:52,SESS_3EH81,5,mobile,fashion
U080,P068,click,2024-03-29 01:21:38,SESS_JZOWI,101,desktop,beauty
U080,P003,wishlist,2024-03-29 03:20:27,SESS_768SY,8,mobile,electronics
U080,P017,click,2024-03-29 03:44:52,SESS_9FC1X,87,mobile,fashion
U080,P099,wishlist,2024-03-29 05:09:45,SESS_9P5Z5,97,desktop,toys
U081,P039,click,2024-01-04 01:39:14,SESS_HT2XZ,237,desktop,food
U081,P016,click,2024-01-04 02:06:51,SESS_00E9K,77,desktop,fashion
U081,P086,click,2024-01-04 01:45:02,SESS_6TJ3K,246,tablet,home
U081,P033,add_to_cart,2024-01-04 03:26:08,SESS_MBXEK,32,mobile,food
U081,P045,add_to_cart,2024-01-04 04:45:18,SESS_2ZYZS,156,mobile,books
U081,P033,purchase,2024-01-04 02:34:14,SESS_Z3CC5,241,mobile,food
U081,P096,purchase,2024-01-04 05:34:08,SESS_SOJRP,232,desktop,toys
U081,P078,add_to_cart,2024-01-04 02:46:54,SESS_RQ8ST,138,mobile,home
U082,P065,click,2024-03-01 21:51:06,SESS_DNKSE,44,tablet,beauty
U082,P016,add_to_cart,2024-03-01 22:01:48,SESS_2P7KK,28,tablet,fashion
U082,P009,view,2024-03-01 21:59:12,SESS_PUU62,35,tablet,electronics
U082,P030,click,2024-03-01 23:28:27,SESS_1YF0D,84,desktop,food
U082,P015,click,2024-03-02 00:22:46,SESS_BYPJD,26,desktop,electronics
U082,P092,click,2024-03-01 22:38:21,SESS_XD8T1,77,mobile,toys
U082,P002,add_to_cart,2024-03-02 01:34:54,SESS_GA2IZ,118,mobile,electronics
U082,P097,click,2024-03-02 02:39:30,SESS_B5APO,115,mobile,toys
U083,P009,view,2024-02-05 08:24:55,SESS_G1F8Y,63,desktop,electronics
U083,P012,view,2024-02-05 08:52:32,SESS_DF6J7,117,mobile,electronics
U083,P073,click,2024-02-05 09:36:21,SESS_1NECQ,476,mobile,beauty
U083,P067,share,2024-02-05 08:31:43,SESS_J8YIT,188,desktop,beauty
U083,P014,purchase,2024-02-05 09:24:27,SESS_2FTGI,336,tablet,electronics
U083,P001,review,2024-02-05 13:13:00,SESS_WXGC7,339,desktop,electronics
U083,P081,review,2024-02-05 09:58:01,SESS_VSB0U,367,mobile,home
U083,P012,purchase,2024-02-05 10:45:23,SESS_5HS25,295,desktop,electronics
U084,P038,compare,2024-10-01 20:44:46,SESS_H8L6E,296,mobile,food
U084,P038,view,2024-10-01 21:23:42,SESS_6Z1T2,71,desktop,food
U084,P095,purchase,2024-10-01 21:34:56,SESS_8NVN4,298,tablet,toys
U084,P079,add_to_cart,2024-10-01 21:33:07,SESS_01YZG,185,tablet,home
U084,P081,view,2024-10-01 23:03:18,SESS_6ZHH3,55,mobile,home
U084,P095,add_to_cart,2024-10-01 21:55:51,SESS_XUYUC,95,desktop,toys
U084,P091,review,2024-10-02 01:49:16,SESS_2GY9Y,196,desktop,toys
U084,P076,share,2024-10-02 01:58:01,SESS_YX4L4,238,mobile,home
U085,P052,share,2024-06-30 04:54:12,SESS_B7TLO,291,mobile,sports
U085,P051,view,2024-06-30 05:42:16,SESS_PCIFL,160,desktop,books
U085,P013,view,2024-06-30 06:45:02,SESS_WMJDI,141,tablet,electronics
U085,P041,compare,2024-06-30 07:04:03,SESS_PDQE9,137,desktop,books
U085,P018,view,2024-06-30 08:37:16,SESS_PKWCY,155,mobile,fashion
U085,P077,compare,2024-06-30 07:19:27,SESS_IVXAN,339,tablet,home
U085,P011,compare,2024-06-30 10:20:48,SESS_ASVDA,485,mobile,electronics
U085,P049,click,2024-06-30 09:04:20,SESS_JP0QI,142,mobile,books
U086,P069,view,2024-06-18 06:23:56,SESS_1FLMN,60,desktop,beauty
U086,P001,view,2024-06-18 07:20:51,SESS_44PHH,118,mobile,electronics
U086,P011,add_to_cart,2024-06-18 08:00:22,SESS_9VLU8,366,desktop,electronics
U086,P076,add_to_cart,2024-06-18 06:27:41,SESS_WYQHR,399,tablet,home
U086,P078,review,2024-06-18 06:29:44,SESS_NCBEK,259,desktop,home
U086,P064,compare,2024-06-18 07:36:51,SESS_HG5ZM,311,mobile,beauty
U086,P077,view,2024-06-18 11:07:20,SESS_EX5MH,89,mobile,home
U086,P036,compare,2024-06-18 11:28:40,SESS_55CF7,254,mobile,food
U087,P086,view,2024-05-25 08:18:44,SESS_1V4KF,75,mobile,home
U087,P036,compare,2024-05-25 08:53:06,SESS_HCQXC,580,desktop,food
U087,P071,purchase,2024-05-25 08:45:10,SESS_LNZZR,257,desktop,beauty
U087,P074,view,2024-05-25 09:06:41,SESS_6QIHP,84,desktop,beauty
U087,P068,purchase,2024-05-25 08:59:24,SESS_1KSIB,382,desktop,beauty
U087,P082,purchase,2024-05-25 12:58:19,SESS_RJAPJ,158,desktop,home
U087,P072,purchase,2024-05-25 08:56:44,SESS_27DCB,222,desktop,beauty
U087,P080,review,2024-05-25 14:32:53,SESS_YJZ99,327,mobile,home
U088,P022,wishlist,2024-11-15 08:28:26,SESS_XQS1F,55,mobile,fashion
U088,P047,view,2024-11-15 09:09:30,SESS_210Q2,25,tablet,books
U088,P094,view,2024-11-15 09:31:52,SESS_4BF5L,52,mobile,toys
U088,P069,view,2024-11-15 09:58:35,SESS_YO2TL,6,mobile,beauty
U088,P003,compare,2024-11-15 10:02:34,SESS_U26UO,84,mobile,electronics
U088,P094,view,2024-11-15 09:10:26,SESS_L8XKG,48,mobile,toys
U088,P097,click,2024-11-15 09:50:50,SESS_H6NHK,72,mobile,toys
U088,P088,view,2024-11-15 15:26:13,SESS_6O9EP,52,mobile,toys
U089,P032,click,2024-12-02 04:54:14,SESS_XFULH,264,mobile,food
U089,P035,view,2024-12-02 05:22:29,SESS_VILUR,59,desktop,food
U089,P062,review,2024-12-02 05:58:32,SESS_M42O3,277,mobile,sports
U089,P099,add_to_cart,2024-12-02 06:15:59,SESS_6GUO8,152,tablet,toys
U089,P096,add_to_cart,2024-12-02 05:16:26,SESS_Z0HR9,92,tablet,toys
U089,P036,wishlist,2024-12-02 06:50:29,SESS_OFHBA,266,mobile,food
U089,P046,view,2024-12-02 06:42:50,SESS_E7L0R,34,mobile,books
U089,P095,add_to_cart,2024-12-02 11:33:14,SESS_KF4VG,93,desktop,toys
U090,P011,view,2024-01-31 03:08:50,SESS_MHBYH,104,mobile,electronics
U090,P074,click,2024-01-31 03:54:53,SESS_6OLBA,446,desktop,beauty
U090,P067,click,2024-01-31 03:13:00,SESS_P9MGY,285,tablet,beauty
U090,P066,purchase,2024-01-31 03:20:50,SESS_ODLUG,226,tablet,beauty
U090,P077,click,2024-01-31 03:41:42,SESS_MGOLO,529,mobile,home
U090,P086,purchase,2024-01-31 03:28:45,SESS_CHKV9,172,desktop,home
U090,P032,compare,2024-01-31 07:20:32,SESS_LWN71,196,desktop,food
U090,P069,compare,2024-01-31 08:34:13,SESS_RMVVN,298,desktop,beauty
U091,P053,view,2024-01-06 03:53:14,SESS_PICER,132,mobile,sports
U091,P043,share,2024-01-06 04:35:03,SESS_9P5EL,140,desktop,books
U091,P052,click,2024-01-06 05:35:16,SESS_LIT6X,247,tablet,sports
U091,P049,compare,2024-01-06 05:42:59,SESS_LPA5C,218,mobile,books
U091,P042,view,2024-01-06 06:39:02,SESS_T2HSP,149,desktop,books
U091,P046,click,2024-01-06 05:23:09,SESS_KU8H5,366,mobile,books
U091,P082,click,2024-01-06 06:59:56,SESS_PVPF8,366,mobile,home
U091,P044,share,2024-01-06 05:13:09,SESS_TGNLK,407,desktop,books
U092,P042,share,2024-02-23 01:43:46,SESS_AS0R7,55,tablet,books
U092,P020,click,2024-02-23 02:24:55,SESS_C59E7,25,mobile,fashion
U092,P027,view,2024-02-23 03:22:34,SESS_RYZX7,52,mobile,fashion
U092,P026,purchase,2024-02-23 01:52:31,SESS_ZXJQY,120,mobile,fashion
U092,P090,view,2024-02-23 05:18:14,SESS_DZNZ9,10,mobile,toys
U092,P018,wishlist,2024-02-23 03:15:01,SESS_YST5V,98,mobile,fashion
U092,P017,add_to_cart,2024-02-23 07:07:52,SESS_23JH0,94,mobile,fashion
U092,P088,view,2024-02-23 08:00:29,SESS_ZSX0G,28,mobile,toys
U093,P008,click,2024-07-07 22:14:26,SESS_GCG1J,120,tablet,electronics
U093,P089,wishlist,2024-07-07 22:26:46,SESS_CDECB,35,mobile,toys
U093,P001,view,2024-07-07 23:59:04,SESS_8X2BH,55,mobile,electronics
U093,P023,click,2024-07-07 23:26:26,SESS_VMYML,35,tablet,fashion
U093,P025,view,2024-07-07 23:55:38,SESS_53A5O,58,tablet,fashion
U093,P089,review,2024-07-07 23:54:46,SESS_81IQY,115,mobile,toys
U093,P001,compare,2024-07-08 03:53:14,SESS_LW580,103,mobile,electronics
U093,P027,add_to_cart,2024-07-07 23:00:17,SESS_M77RX,94,tablet,fashion
U094,P054,wishlist,2024-04-24 03:00:05,SESS_2ZBRD,464,tablet,sports
U094,P090,share,2024-04-24 03:08:58,SESS_RTIG7,478,mobile,toys
U094,P052,view,2024-04-24 03:46:39,SESS_61HJR,177,desktop,sports
U094,P062,compare,2024-04-24 03:21:35,SESS_2LIU7,153,desktop,sports
U094,P063,compare,2024-04-24 04:48:17,SESS_X28PI,252,mobile,sports
U094,P045,compare,2024-04-24 04:09:15,SESS_0EN48,415,desktop,books
U094,P060,click,2024-04-24 05:44:59,SESS_9LNY2,386,desktop,sports
U094,P046,view,2024-04-24 09:54:22,SESS_QF74R,149,mobile,books
U095,P088,click,2024-10-17 03:06:11,SESS_SYJ4U,85,tablet,toys
U095,P094,view,2024-10-17 04:02:29,SESS_L3H03,49,desktop,toys
U095,P035,wishlist,2024-10-17 03:49:01,SESS_9X49T,48,mobile,food
U095,P022,click,2024-10-17 04:57:17,SESS_0K7ZT,17,mobile,fashion
U095,P014,compare,2024-10-17 04:33:11,SESS_QFEZK,69,mobile,electronics
U095,P051,add_to_cart,2024-10-17 05:14:46,SESS_0UY9F,59,desktop,books
U095,P002,click,2024-10-17 06:26:11,SESS_GB9XV,24,desktop,electronics
U095,P002,view,2024-10-17 07:06:38,SESS_KVG01,55,desktop,electronics
U096,P080,click,2024-06-29 01:45:10,SESS_NECRY,70,mobile,home
U096,P095,view,2024-06-29 02:37:02,SESS_DVN9Z,24,mobile,toys
U096,P012,compare,2024-06-29 03:35:44,SESS_TOZO3,110,tablet,electronics
U096,P097,click,2024-06-29 04:35:49,SESS_2E186,28,tablet,toys
U096,P009,click,2024-06-29 03:14:58,SESS_EEHFU,113,desktop,electronics
U096,P009,view,2024-06-29 04:55:55,SESS_G9XIB,65,mobile,electronics
U096,P090,click,2024-06-29 06:35:52,SESS_L69VS,93,mobile,toys
U096,P040,view,2024-06-29 04:15:19,SESS_4HETV,22,mobile,books
U097,P007,click,2024-01-29 21:04:56,SESS_OCJPZ,394,desktop,electronics
U097,P011,click,2024-01-29 21:19:05,SESS_ZUXSF,198,desktop,electronics
U097,P076,compare,2024-01-29 21:40:42,SESS_CEDTC,447,mobile,home
U097,P054,compare,2024-01-29 21:54:08,SESS_JD9I8,183,mobile,sports
U097,P061,compare,2024-01-29 23:22:36,SESS_DMUKJ,170,tablet,sports
U097,P003,wishlist,2024-01-30 01:22:56,SESS_Y2T5O,423,mobile,electronics
U097,P063,click,2024-01-29 22:02:38,SESS_FUJ7X,309,desktop,sports
U097,P058,compare,2024-01-29 22:39:19,SESS_PMQK8,386,tablet,sports
U098,P029,share,2024-11-12 03:14:47,SESS_14WCI,33,mobile,food
U098,P032,click,2024-11-12 03:49:25,SESS_3A8Y7,44,mobile,food
U098,P036,review,2024-11-12 04:12:07,SESS_AG3AP,196,desktop,food
U098,P038,compare,2024-11-12 06:06:23,SESS_98YBQ,103,mobile,food
U098,P042,view,2024-11-12 07:07:59,SESS_EMBRG,17,mobile,books
U098,P029,wishlist,2024-11-12 06:04:37,SESS_KH0UH,88,tablet,food
U098,P015,review,2024-11-12 07:33:47,SESS_4CAQK,87,mobile,electronics
U098,P034,wishlist,2024-11-12 04:10:12,SESS_PHT6O,134,mobile,food
U099,P069,view,2024-04-07 03:25:29,SESS_6TJ9X,38,mobile,beauty
U099,P064,view,2024-04-07 04:14:53,SESS_HGBO0,67,mobile,beauty
U099,P074,compare,2024-04-07 03:43:41,SESS_PT2ZL,162,mobile,beauty
U099,P078,view,2024-04-07 03:50:32,SESS_2EMAY,13,mobile,home
U099,P039,view,2024-04-07 05:40:33,SESS_KR1IF,42,mobile,food
U099,P020,compare,2024-04-07 04:54:54,SESS_XPR2D,188,mobile,fashion
U099,P038,review,2024-04-07 05:05:23,SESS_EOJGF,64,mobile,food
U099,P022,wishlist,2024-04-07 05:58:54,SESS_Z9HPC,119,mobile,fashion
U100,P087,click,2024-04-14 13:33:19,SESS_6GAXL,352,desktop,home
U100,P022,view,2024-04-14 14:07:51,SESS_NKDAT,115,mobile,fashion
U100,P087,wishlist,2024-04-14 14:47:31,SESS_VIJVD,168,mobile,home
U100,P016,purchase,2024-04-14 15:50:19,SESS_3GQD7,436,desktop,fashion
U100,P048,purchase,2024-04-14 13:49:15,SESS_EPZ61,553,tablet,books
U100,P071,purchase,2024-04-14 14:18:19,SESS_6CP7S,131,mobile,beauty
U100,P005,view,2024-04-14 17:31:13,SESS_C9G3R,94,tablet,electronics
U100,P035,review,2024-04-14 16:43:50,SESS_UOVHA,283,desktop,food
U101,P099,click,2024-11-03 01:21:46,SESS_KHZTG,10,mobile,toys
U101,P090,share,2024-11-03 01:41:43,SESS_7J2XI,110,mobile,toys
U101,P093,click,2024-11-03 02:14:08,SESS_L85JE,119,desktop,toys
U101,P011,review,2024-11-03 04:13:28,SESS_M0KJA,102,tablet,electronics
U101,P027,wishlist,2024-11-03 03:10:02,SESS_8JWVH,61,mobile,fashion
U101,P098,wishlist,2024-11-03 05:43:41,SESS_OQ0PF,66,mobile,toys
U101,P014,review,2024-11-03 02:45:04,SESS_U7GKL,116,mobile,electronics
U101,P091,view,2024-11-03 02:03:11,SESS_PQXO0,13,desktop,toys
U102,P064,view,2024-08-22 07:06:11,SESS_1XBID,19,tablet,beauty
U102,P017,click,2024-08-22 08:03:02,SESS_MZHRU,123,tablet,fashion
U102,P066,click,2024-08-22 08:22:23,SESS_YWE3D,85,mobile,beauty
U102,P078,view,2024-08-22 07:55:05,SESS_APFXI,66,mobile,home
U102,P029,wishlist,2024-08-22 07:40:15,SESS_I8KCM,102,tablet,food
U102,P010,purchase,2024-08-22 09:37:26,SESS_TVYFY,158,mobile,electronics
U102,P020,share,2024-08-22 11:43:11,SESS_NJ622,48,desktop,fashion
U102,P022,wishlist,2024-08-22 13:33:52,SESS_2RCU8,81,mobile,fashion
U103,P081,view,2024-02-19 12:43:09,SESS_R9VWE,120,desktop,home
U103,P084,click,2024-02-19 13:20:35,SESS_RTIDZ,599,desktop,home
U103,P067,purchase,2024-02-19 13:17:15,SESS_NH4NR,188,tablet,beauty
U103,P081,review,2024-02-19 15:25:36,SESS_3KF48,491,mobile,home
U103,P012,view,2024-02-19 15:57:05,SESS_ZNA8N,104,mobile,electronics
U103,P085,review,2024-02-19 12:58:24,SESS_FFIA3,486,mobile,home
U103,P066,review,2024-02-19 17:35:15,SESS_8Q0PX,73,mobile,beauty
U103,P064,purchase,2024-02-19 14:12:59,SESS_SA3Y5,403,desktop,beauty
U104,P091,click,2024-08-10 04:02:00,SESS_JDN80,56,desktop,toys
U104,P014,click,2024-08-10 04:41:10,SESS_VCYRX,56,tablet,electronics
U104,P026,click,2024-08-10 04:40:50,SESS_DCV4B,41,mobile,fashion
U104,P010,view,2024-08-10 05:08:18,SESS_GH7ID,41,mobile,electronics
U104,P016,view,2024-08-10 04:31:24,SESS_7AMKO,17,mobile,fashion
U104,P018,purchase,2024-08-10 04:40:10,SESS_L6SS1,120,mobile,fashion
U104,P088,view,2024-08-10 05:10:00,SESS_YCW8I,18,tablet,toys
U104,P090,compare,2024-08-10 08:08:38,SESS_S0X7M,110,mobile,toys
U105,P076,share,2024-08-30 03:10:07,SESS_YI9V8,77,desktop,home
U105,P003,add_to_cart,2024-08-30 03:32:14,SESS_T82DD,45,mobile,electronics
U105,P005,click,2024-08-30 04:00:21,SESS_DG1JR,37,desktop,electronics
U105,P002,compare,2024-08-30 04:53:04,SESS_B4O47,68,mobile,electronics
U105,P093,click,2024-08-30 06:20:23,SESS_OQ59B,87,mobile,toys
U105,P003,review,2024-08-30 04:54:17,SESS_NU4I5,102,mobile,electronics
U105,P096,share,2024-08-30 06:26:31,SESS_DGD8O,60,mobile,toys
U105,P021,compare,2024-08-30 07:09:24,SESS_H0EQT,120,mobile,fashion
U106,P058,view,2024-05-04 08:21:20,SESS_NPRB5,180,desktop,sports
U106,P011,view,2024-05-04 08:32:00,SESS_COKZ5,153,desktop,electronics
U106,P028,view,2024-05-04 09:21:50,SESS_M1FMP,150,desktop,food
U106,P081,compare,2024-05-04 10:21:08,SESS_OA2VC,461,desktop,home
U106,P063,compare,2024-05-04 11:46:28,SESS_0A67R,282,mobile,sports
U106,P080,share,2024-05-04 08:27:35,SESS_974WX,416,mobile,home
U106,P046,compare,2024-05-04 13:44:26,SESS_FNM88,415,tablet,books
U106,P001,wishlist,2024-05-04 10:54:59,SESS_S5ZXQ,330,desktop,electronics
U107,P065,share,2024-06-14 09:12:07,SESS_PGVTN,178,mobile,beauty
U107,P075,click,2024-06-14 10:11:37,SESS_DD4DA,115,mobile,beauty
U107,P026,wishlist,2024-06-14 10:33:27,SESS_3Y4H1,151,mobile,fashion
U107,P065,purchase,2024-06-14 11:57:40,SESS_6O3Z0,120,tablet,beauty
U107,P056,share,2024-06-14 10:28:19,SESS_L66YA,116,mobile,sports
U107,P072,share,2024-06-14 12:41:52,SESS_LGUPU,110,mobile,beauty
U107,P025,wishlist,2024-06-14 13:38:43,SESS_O0OLF,69,mobile,fashion
U107,P026,review,2024-06-14 12:26:22,SESS_4WJT8,112,mobile,fashion
U108,P090,view,2024-01-05 11:32:35,SESS_T9UA0,34,desktop,toys
U108,P031,click,2024-01-05 11:48:43,SESS_KTI22,103,mobile,food
U108,P015,view,2024-01-05 11:37:43,SESS_WUDQV,11,mobile,electronics
U108,P002,view,2024-01-05 14:28:32,SESS_N4ORA,9,mobile,electronics
U108,P011,click,2024-01-05 13:02:11,SESS_WQFK6,89,mobile,electronics
U108,P002,compare,2024-01-05 13:35:55,SESS_RWTF0,119,mobile,electronics
U108,P088,click,2024-01-05 16:50:11,SESS_F5EHL,33,mobile,toys
U108,P005,view,2024-01-05 13:14:47,SESS_8MTK0,36,mobile,electronics
U109,P031,click,2024-12-24 04:54:26,SESS_KOV1L,135,tablet,food
U109,P082,click,2024-12-24 05:13:58,SESS_3WVPU,221,tablet,home
U109,P090,review,2024-12-24 06:06:14,SESS_JOV58,195,mobile,toys
U109,P033,add_to_cart,2024-12-24 05:35:29,SESS_MCXN2,92,mobile,food
U109,P093,add_to_cart,2024-12-24 07:33:22,SESS_26UNV,299,mobile,toys
U109,P097,share,2024-12-24 09:35:01,SESS_4C6P1,192,tablet,toys
U109,P035,purchase,2024-12-24 06:52:50,SESS_PEGLN,267,mobile,food
U109,P088,share,2024-12-24 07:17:14,SESS_E8BTS,202,desktop,toys
U110,P087,view,2024-02-06 22:34:51,SESS_1OULW,30,mobile,home
U110,P098,compare,2024-02-06 22:44:08,SESS_47DI3,68,mobile,toys
U110,P099,click,2024-02-06 23:00:05,SESS_D033T,5,tablet,toys
U110,P052,view,2024-02-06 23:40:09,SESS_CLW3J,15,tablet,sports
U110,P003,view,2024-02-06 23:19:15,SESS_158OQ,12,mobile,electronics
U110,P026,click,2024-02-07 00:15:36,SESS_L0IJK,15,mobile,fashion
U110,P050,add_to_cart,2024-02-07 04:31:21,SESS_HC8CA,32,mobile,books
U110,P017,click,2024-02-07 05:10:49,SESS_VS41L,63,desktop,fashion
U111,P045,view,2024-02-11 00:49:37,SESS_5S2GK,20,mobile,books
U111,P018,click,2024-02-11 00:57:55,SESS_0I6GB,179,mobile,fashion
U111,P024,view,2024-02-11 01:50:31,SESS_HOPMP,33,mobile,fashion
U111,P034,click,2024-02-11 01:31:22,SESS_OVTRP,184,mobile,food
U111,P019,view,2024-02-11 01:03:21,SESS_UITJ5,54,desktop,fashion
U111,P019,share,2024-02-11 04:50:42,SESS_JH2MK,162,mobile,fashion
U111,P024,share,2024-02-11 05:10:25,SESS_RK6IL,27,mobile,fashion
U111,P066,compare,2024-02-11 06:14:53,SESS_RMGJC,62,mobile,beauty
U112,P035,view,2024-08-14 11:26:04,SESS_AYKIS,78,mobile,food
U112,P087,view,2024-08-14 12:00:33,SESS_09JRN,30,tablet,home
U112,P084,wishlist,2024-08-14 13:25:04,SESS_54RJS,40,mobile,home
U112,P038,compare,2024-08-14 12:42:13,SESS_RI09M,250,mobile,food
U112,P086,click,2024-08-14 12:44:48,SESS_5Y6Q8,299,mobile,home
U112,P069,purchase,2024-08-14 13:53:29,SESS_8JGUZ,276,mobile,beauty
U112,P068,add_to_cart,2024-08-14 11:35:28,SESS_RYQF8,113,mobile,beauty
U112,P076,purchase,2024-08-14 13:16:54,SESS_KVBLP,289,tablet,home
U113,P024,click,2024-02-23 11:37:55,SESS_U8ZF0,60,mobile,fashion
U113,P001,click,2024-02-23 12:03:07,SESS_IYNO6,119,mobile,electronics
U113,P018,click,2024-02-23 13:12:35,SESS_52F1J,58,mobile,fashion
U113,P005,click,2024-02-23 13:49:34,SESS_QG24D,72,mobile,electronics
U113,P099,click,2024-02-23 13:18:35,SESS_PPOAU,103,mobile,toys
U113,P055,click,2024-02-23 13:50:15,SESS_ETUK1,55,mobile,sports
U113,P024,click,2024-02-23 12:06:07,SESS_DJ9DV,110,mobile,fashion
U113,P016,view,2024-02-23 16:24:13,SESS_Y0BHF,52,tablet,fashion
U114,P005,click,2024-12-13 14:29:32,SESS_9ARYE,5,mobile,electronics
U114,P019,view,2024-12-13 15:02:52,SESS_ASO7K,35,tablet,fashion
U114,P061,add_to_cart,2024-12-13 16:28:50,SESS_XEFAF,100,desktop,sports
U114,P099,click,2024-12-13 16:10:02,SESS_RKDVN,40,mobile,toys
U114,P008,click,2024-12-13 16:29:32,SESS_FKEOU,9,desktop,electronics
U114,P088,share,2024-12-13 16:35:32,SESS_8Q0J9,50,mobile,toys
U114,P045,share,2024-12-13 18:10:32,SESS_OCXMZ,48,mobile,books
U114,P032,wishlist,2024-12-13 19:51:04,SESS_KO6XN,65,desktop,food
U115,P054,click,2024-10-02 03:42:01,SESS_8MWOB,114,desktop,sports
U115,P089,click,2024-10-02 04:29:23,SESS_R1930,35,mobile,toys
U115,P082,compare,2024-10-02 03:52:27,SESS_WE4C1,98,desktop,home
U115,P006,view,2024-10-02 05:17:04,SESS_N9UHJ,33,desktop,electronics
U115,P090,click,2024-10-02 06:10:17,SESS_3GUWY,31,mobile,toys
U115,P006,wishlist,2024-10-02 07:00:56,SESS_TCG06,87,mobile,electronics
U115,P010,wishlist,2024-10-02 07:13:07,SESS_MWUEC,59,desktop,electronics
U115,P018,wishlist,2024-10-02 06:11:28,SESS_DRBTA,110,tablet,fashion
U116,P077,review,2024-04-07 15:02:55,SESS_8CU47,188,mobile,home
U116,P099,share,2024-04-07 15:43:42,SESS_Q7JBM,163,mobile,toys
U116,P003,add_to_cart,2024-04-07 16:56:25,SESS_07X5I,67,tablet,electronics
U116,P099,wishlist,2024-04-07 17:51:16,SESS_B98VW,71,tablet,toys
U116,P032,wishlist,2024-04-07 15:35:19,SESS_BSXPK,146,mobile,food
U116,P036,purchase,2024-04-07 17:17:20,SESS_Y0TB1,298,mobile,food
U116,P029,purchase,2024-04-07 19:21:01,SESS_9NGPC,179,mobile,food
U116,P087,wishlist,2024-04-07 21:35:51,SESS_2U9AZ,59,mobile,home
U117,P021,click,2024-03-11 03:15:11,SESS_9EOXX,14,mobile,fashion
U117,P027,click,2024-03-11 03:40:33,SESS_64PKN,75,mobile,fashion
U117,P092,view,2024-03-11 04:31:05,SESS_SB6ZW,22,mobile,toys
U117,P044,wishlist,2024-03-11 04:01:20,SESS_E02BI,61,desktop,books
U117,P001,click,2024-03-11 03:28:23,SESS_JVK8C,114,desktop,electronics
U117,P022,click,2024-03-11 04:36:46,SESS_HGPBK,74,desktop,fashion
U117,P068,wishlist,2024-03-11 07:23:11,SESS_HA0W5,105,desktop,beauty
U117,P013,view,2024-03-11 06:27:34,SESS_87K9T,32,mobile,electronics
U118,P008,click,2024-07-20 12:37:06,SESS_EA28D,247,desktop,electronics
U118,P058,view,2024-07-20 12:56:49,SESS_NX23V,127,desktop,sports
U118,P014,view,2024-07-20 13:42:16,SESS_AABMW,155,desktop,electronics
U118,P044,compare,2024-07-20 14:33:00,SESS_LCG1J,373,mobile,books
U118,P049,share,2024-07-20 13:44:38,SESS_EBY4U,141,desktop,books
U118,P056,compare,2024-07-20 12:47:36,SESS_Y4MZV,299,mobile,sports
U118,P048,view,2024-07-20 14:06:36,SESS_LN3OX,176,desktop,books
U118,P057,wishlist,2024-07-20 15:59:03,SESS_6N7KB,308,mobile,sports
U119,P037,view,2024-12-20 03:16:09,SESS_S2SUM,43,mobile,food
U119,P099,view,2024-12-20 04:09:12,SESS_9CC7I,62,tablet,toys
U119,P094,purchase,2024-12-20 03:34:41,SESS_4SBRS,232,mobile,toys
U119,P092,share,2024-12-20 04:26:27,SESS_I1NQ0,89,desktop,toys
U119,P081,view,2024-12-20 05:53:09,SESS_S6XVQ,56,mobile,home
U119,P036,add_to_cart,2024-12-20 05:40:14,SESS_YXV2M,90,mobile,food
U119,P037,purchase,2024-12-20 08:38:33,SESS_HGQGP,261,desktop,food
U119,P030,review,2024-12-20 10:01:34,SESS_PY9E5,295,mobile,food
U120,P067,click,2024-02-19 11:56:52,SESS_M3MVD,106,mobile,beauty
U120,P094,click,2024-02-19 12:48:25,SESS_4KREG,581,mobile,toys
U120,P074,purchase,2024-02-19 12:50:38,SESS_LG0K1,238,mobile,beauty
U120,P072,review,2024-02-19 13:58:34,SESS_S7KN1,206,mobile,beauty
U120,P046,purchase,2024-02-19 14:37:52,SESS_5LMFK,369,desktop,books
U120,P056,compare,2024-02-19 16:19:02,SESS_DIKDT,580,desktop,sports
U120,P015,purchase,2024-02-19 17:30:04,SESS_HR3NK,412,desktop,electronics
U120,P014,purchase,2024-02-19 12:56:08,SESS_Z7E5R,164,tablet,electronics
U121,P077,click,2024-10-11 03:19:14,SESS_0LSJW,292,desktop,home
U121,P093,share,2024-10-11 03:22:51,SESS_P72L4,48,tablet,toys
U121,P030,purchase,2024-10-11 03:51:16,SESS_YJF30,192,mobile,food
U121,P036,review,2024-10-11 05:55:41,SESS_HPRWZ,69,mobile,food
U121,P086,purchase,2024-10-11 06:17:22,SESS_MT854,194,desktop,home
U121,P094,purchase,2024-10-11 06:29:39,SESS_RDE51,193,mobile,toys
U121,P038,purchase,2024-10-11 04:37:20,SESS_QLEZZ,243,tablet,food
U121,P086,add_to_cart,2024-10-11 05:45:11,SESS_JH4OU,195,mobile,home
U122,P082,view,2024-05-31 23:54:39,SESS_J0M3L,86,mobile,home
U122,P050,view,2024-06-01 00:37:31,SESS_VET8A,84,mobile,books
U122,P072,view,2024-06-01 00:03:21,SESS_SNHFT,115,desktop,beauty
U122,P015,add_to_cart,2024-06-01 01:22:18,SESS_H07BA,599,mobile,electronics
U122,P076,click,2024-06-01 01:20:55,SESS_AWYB0,446,desktop,home
U122,P068,review,2024-06-01 00:25:44,SESS_CZ1OA,215,mobile,beauty
U122,P079,review,2024-06-01 05:52:33,SESS_LLSAJ,267,mobile,home
U122,P094,purchase,2024-06-01 00:46:06,SESS_IOKKZ,379,mobile,toys
U123,P072,click,2024-07-12 00:42:03,SESS_I9OIN,77,mobile,beauty
U123,P013,click,2024-07-12 00:48:45,SESS_DG5RI,23,mobile,electronics
U123,P040,wishlist,2024-07-12 01:18:27,SESS_O04BY,81,mobile,books
U123,P091,wishlist,2024-07-12 03:27:48,SESS_RR8IQ,66,mobile,toys
U123,P017,click,2024-07-12 01:07:11,SESS_N1F0F,61,tablet,fashion
U123,P023,view,2024-07-12 05:21:08,SESS_SF5PA,12,mobile,fashion
U123,P092,click,2024-07-12 04:59:57,SESS_6UFKY,107,desktop,toys
U123,P059,click,2024-07-12 03:26:47,SESS_7Z4ES,111,mobile,sports
U124,P001,view,2024-03-10 14:30:19,SESS_HDQDW,98,mobile,electronics
U124,P067,view,2024-03-10 14:32:16,SESS_7J35V,79,desktop,beauty
U124,P060,purchase,2024-03-10 16:02:19,SESS_HVDHG,408,mobile,sports
U124,P081,purchase,2024-03-10 17:28:04,SESS_VJ35Y,362,mobile,home
U124,P004,view,2024-03-10 18:13:39,SESS_WFRAC,63,mobile,electronics
U124,P086,purchase,2024-03-10 16:18:34,SESS_SEUNN,362,desktop,home
U124,P072,click,2024-03-10 18:44:13,SESS_4884Z,507,desktop,beauty
U124,P086,add_to_cart,2024-03-10 18:05:20,SESS_XG541,414,desktop,home
U125,P046,view,2024-08-05 09:39:30,SESS_9HMHV,26,mobile,books
U125,P024,share,2024-08-05 10:21:55,SESS_JXXO9,95,mobile,fashion
U125,P088,share,2024-08-05 10:45:46,SESS_9WRR5,101,mobile,toys
U125,P016,click,2024-08-05 12:08:33,SESS_F05EP,113,mobile,fashion
U125,P088,view,2024-08-05 13:37:42,SESS_T9GWA,58,desktop,toys
U125,P037,purchase,2024-08-05 11:49:30,SESS_S7O4Y,120,mobile,food
U125,P039,view,2024-08-05 10:56:06,SESS_PJHSG,52,tablet,food
U125,P056,click,2024-08-05 10:42:44,SESS_MUZUQ,19,tablet,sports
U126,P098,compare,2024-02-03 13:28:15,SESS_GAWQ5,120,mobile,toys
U126,P051,add_to_cart,2024-02-03 13:38:18,SESS_LNKKU,57,mobile,books
U126,P003,compare,2024-02-03 14:05:39,SESS_ZJRUM,101,mobile,electronics
U126,P028,compare,2024-02-03 15:31:06,SESS_NTHZM,111,desktop,food
U126,P027,compare,2024-02-03 16:02:51,SESS_32D1J,89,mobile,fashion
U126,P035,view,2024-02-03 16:53:30,SESS_LUX6L,11,desktop,food
U126,P003,click,2024-02-03 15:51:15,SESS_M6GMF,74,mobile,electronics
U126,P095,click,2024-02-03 19:07:03,SESS_PO4JN,48,mobile,toys
U127,P048,view,2024-01-16 14:01:44,SESS_18OBS,119,desktop,books
U127,P072,view,2024-01-16 14:41:30,SESS_1EL88,79,desktop,beauty
U127,P083,add_to_cart,2024-01-16 15:06:36,SESS_AF5KC,301,tablet,home
U127,P067,click,2024-01-16 15:58:26,SESS_4NRMQ,463,desktop,beauty
U127,P083,purchase,2024-01-16 17:34:04,SESS_7NL7O,287,tablet,home
U127,P085,purchase,2024-01-16 14:31:09,SESS_MY8A5,211,desktop,home
U127,P084,review,2024-01-16 18:17:44,SESS_VOCIR,105,mobile,home
U127,P082,wishlist,2024-01-16 17:32:05,SESS_FLYRJ,491,mobile,home
U128,P100,view,2024-07-19 22:02:17,SESS_0XO3F,68,desktop,toys
U128,P076,click,2024-07-19 22:49:02,SESS_O1KJW,521,desktop,home
U128,P072,compare,2024-07-19 22:19:31,SESS_29TNY,213,mobile,beauty
U128,P055,purchase,2024-07-20 00:11:08,SESS_0QBKE,370,desktop,sports
U128,P074,add_to_cart,2024-07-20 00:02:29,SESS_MK3TG,425,desktop,beauty
U128,P086,view,2024-07-19 22:45:22,SESS_MB0ID,66,mobile,home
U128,P082,review,2024-07-20 00:29:41,SESS_8YI34,596,desktop,home
U128,P081,view,2024-07-20 03:00:22,SESS_9W5N9,65,desktop,home
U129,P042,compare,2024-04-27 06:42:47,SESS_Z0C68,218,desktop,books
U129,P051,add_to_cart,2024-04-27 07:09:19,SESS_UH7JY,215,desktop,books
U129,P058,compare,2024-04-27 08:17:21,SESS_KAH2X,260,desktop,sports
U129,P057,view,2024-04-27 07:31:47,SESS_ALCKZ,172,desktop,sports
U129,P057,review,2024-04-27 08:56:39,SESS_7AMMP,356,tablet,sports
U129,P063,click,2024-04-27 09:00:52,SESS_JB48W,407,tablet,sports
U129,P060,review,2024-04-27 08:48:17,SESS_1QQFV,439,desktop,sports
U129,P044,share,2024-04-27 10:44:17,SESS_9NTN8,183,mobile,books
U130,P014,view,2024-02-12 23:10:19,SESS_99TMH,62,mobile,electronics
U130,P026,view,2024-02-12 23:58:12,SESS_81LTO,59,mobile,fashion
U130,P059,view,2024-02-12 23:36:33,SESS_OA31X,48,tablet,sports
U130,P094,compare,2024-02-13 00:37:19,SESS_GBIVS,65,mobile,toys
U130,P006,click,2024-02-12 23:59:43,SESS_UQDN0,118,desktop,electronics
U130,P091,review,2024-02-13 00:10:24,SESS_Q0IQZ,72,mobile,toys
U130,P004,click,2024-02-13 02:24:19,SESS_IV929,69,desktop,electronics
U130,P066,view,2024-02-13 05:02:18,SESS_8ABY5,35,tablet,beauty
U131,P027,add_to_cart,2024-06-10 23:33:24,SESS_9ZP3C,108,mobile,fashion
U131,P006,view,2024-06-11 00:09:19,SESS_WP2D4,53,tablet,electronics
U131,P027,view,2024-06-11 00:31:46,SESS_XFIRJ,26,desktop,fashion
U131,P095,wishlist,2024-06-11 02:11:24,SESS_JKQ2Z,77,mobile,toys
U131,P003,click,2024-06-10 23:44:28,SESS_HNNK8,25,mobile,electronics
U131,P095,add_to_cart,2024-06-11 00:31:04,SESS_0ZFKN,86,mobile,toys
U131,P054,click,2024-06-11 01:25:36,SESS_NS5SR,120,mobile,sports
U131,P010,review,2024-06-11 02:10:33,SESS_SN7X5,90,mobile,electronics
U132,P021,view,2024-01-06 12:39:26,SESS_IK22X,32,mobile,fashion
U132,P028,wishlist,2024-01-06 13:38:10,SESS_3260N,18,mobile,food
U132,P072,view,2024-01-06 13:56:58,SESS_84TC2,38,mobile,beauty
U132,P075,click,2024-01-06 14:55:41,SESS_4IZG9,78,mobile,beauty
U132,P027,share,2024-01-06 13:00:46,SESS_6EKHI,158,mobile,fashion
U132,P021,share,2024-01-06 13:09:21,SESS_HEDHT,65,mobile,fashion
U132,P025,wishlist,2024-01-06 13:31:02,SESS_ZPXVW,126,tablet,fashion
U132,P073,wishlist,2024-01-06 17:48:01,SESS_GSS8K,146,mobile,beauty
U133,P095,view,2024-08-05 23:21:45,SESS_8RL9Q,15,mobile,toys
U133,P053,share,2024-08-05 23:53:00,SESS_MY3GD,34,mobile,sports
U133,P024,click,2024-08-06 00:57:13,SESS_KVUFF,103,mobile,fashion
U133,P010,add_to_cart,2024-08-06 00:31:24,SESS_89X22,39,mobile,electronics
U133,P021,view,2024-08-06 00:56:49,SESS_03LLU,53,mobile,fashion
U133,P076,compare,2024-08-06 01:27:25,SESS_XFQJ3,72,mobile,home
U133,P057,view,2024-08-06 02:22:51,SESS_2LUHH,37,mobile,sports
U133,P004,view,2024-08-06 05:14:05,SESS_RZQ8B,47,mobile,electronics
U134,P085,click,2024-10-01 08:57:05,SESS_DXJN7,86,mobile,home
U134,P021,compare,2024-10-01 09:48:05,SESS_OFFKH,82,mobile,fashion
U134,P100,purchase,2024-10-01 10:15:05,SESS_TKA1C,299,desktop,toys
U134,P083,wishlist,2024-10-01 09:44:02,SESS_GQQLY,162,mobile,home
U134,P003,click,2024-10-01 10:53:13,SESS_P323C,292,mobile,electronics
U134,P036,review,2024-10-01 10:53:40,SESS_2RUW0,204,mobile,food
U134,P036,add_to_cart,2024-10-01 12:33:23,SESS_4D7V9,67,desktop,food
U134,P083,purchase,2024-10-01 14:57:07,SESS_FLGUQ,297,desktop,home
U135,P092,view,2024-12-11 09:46:50,SESS_OALF4,67,desktop,toys
U135,P086,click,2024-12-11 10:40:23,SESS_376ZU,126,desktop,home
U135,P029,view,2024-12-11 11:11:00,SESS_8BEMC,85,mobile,food
U135,P031,add_to_cart,2024-12-11 11:16:41,SESS_9I71A,255,mobile,food
U135,P008,review,2024-12-11 13:44:02,SESS_0NQOH,157,desktop,electronics
U135,P036,share,2024-12-11 13:59:05,SESS_SFH70,213,desktop,food
U135,P031,compare,2024-12-11 15:20:20,SESS_SRS8A,157,tablet,food
U135,P033,purchase,2024-12-11 12:21:53,SESS_4P4K9,141,desktop,food
U136,P075,click,2024-12-06 04:22:10,SESS_B4GAS,45,mobile,beauty
U136,P010,purchase,2024-12-06 05:13:40,SESS_XNOFG,186,tablet,electronics
U136,P033,share,2024-12-06 04:39:06,SESS_2BHON,77,mobile,food
U136,P021,view,2024-12-06 06:01:31,SESS_B56BN,48,desktop,fashion
U136,P016,add_to_cart,2024-12-06 05:26:58,SESS_D9ER9,147,mobile,fashion
U136,P005,review,2024-12-06 05:54:50,SESS_EXNWZ,182,mobile,electronics
U136,P042,wishlist,2024-12-06 05:21:16,SESS_2FX0Z,82,tablet,books
U136,P020,purchase,2024-12-06 09:44:10,SESS_KZQVS,154,desktop,fashion
U137,P010,click,2024-06-12 21:31:13,SESS_B6NBH,28,mobile,electronics
U137,P003,view,2024-06-12 21:33:00,SESS_URMW3,41,mobile,electronics
U137,P097,view,2024-06-12 22:33:15,SESS_EK17M,62,mobile,toys
U137,P024,click,2024-06-12 21:53:58,SESS_YMSCN,87,mobile,fashion
U137,P004,compare,2024-06-13 01:21:49,SESS_ETK5L,87,mobile,electronics
U137,P034,wishlist,2024-06-13 00:30:33,SESS_H4HA0,50,mobile,food
U137,P013,click,2024-06-13 01:18:07,SESS_I8TND,26,desktop,electronics
U137,P051,view,2024-06-13 02:29:32,SESS_PHB8O,29,tablet,books
U138,P078,click,2024-12-13 02:18:08,SESS_AJUL7,64,mobile,home
U138,P035,wishlist,2024-12-13 03:11:19,SESS_899OF,244,mobile,food
U138,P077,add_to_cart,2024-12-13 02:57:50,SESS_FO0VY,135,mobile,home
U138,P076,purchase,2024-12-13 04:07:44,SESS_LDWQX,196,tablet,home
U138,P095,click,2024-12-13 05:48:04,SESS_6MJ9N,160,mobile,toys
U138,P090,review,2024-12-13 06:19:08,SESS_5RKSD,247,desktop,toys
U138,P079,review,2024-12-13 06:56:26,SESS_RZPCD,257,mobile,home
U138,P056,purchase,2024-12-13 05:02:10,SESS_P49CD,244,mobile,sports
U139,P077,compare,2024-08-17 13:18:22,SESS_ZU4NS,451,mobile,home
U139,P065,click,2024-08-17 13:27:23,SESS_8IUZV,463,desktop,beauty
U139,P071,review,2024-08-17 14:38:38,SESS_5BO20,502,desktop,beauty
U139,P066,view,2024-08-17 14:28:43,SESS_D7204,76,desktop,beauty
U139,P079,click,2024-08-17 16:56:22,SESS_BQ9J2,274,desktop,home
U139,P075,purchase,2024-08-17 15:22:17,SESS_2GRDM,395,desktop,beauty
U139,P045,review,2024-08-17 14:05:46,SESS_6DOWX,451,mobile,books
U139,P093,purchase,2024-08-17 16:54:33,SESS_618LE,417,desktop,toys
U140,P072,view,2024-09-06 10:44:31,SESS_ZHDV5,85,tablet,beauty
U140,P084,view,2024-09-06 10:54:35,SESS_7D835,78,desktop,home
U140,P067,add_to_cart,2024-09-06 10:52:05,SESS_IF9AI,284,mobile,beauty
U140,P067,view,2024-09-06 11:48:16,SESS_IAW4O,95,tablet,beauty
U140,P014,purchase,2024-09-06 12:37:35,SESS_W590Z,306,tablet,electronics
U140,P081,share,2024-09-06 12:09:36,SESS_LM8E4,312,desktop,home
U140,P015,review,2024-09-06 14:18:19,SESS_ZTD3I,416,desktop,electronics
U140,P067,purchase,2024-09-06 15:25:55,SESS_4QPVC,207,mobile,beauty
U141,P083,wishlist,2024-09-09 13:01:34,SESS_CM8JJ,88,desktop,home
U141,P066,compare,2024-09-09 13:17:15,SESS_XLZKI,580,tablet,beauty
U141,P074,purchase,2024-09-09 15:01:20,SESS_AVZME,156,desktop,beauty
U141,P066,purchase,2024-09-09 13:55:31,SESS_9194B,595,desktop,beauty
U141,P002,share,2024-09-09 15:42:18,SESS_ZY2NR,411,mobile,electronics
U141,P012,purchase,2024-09-09 14:32:34,SESS_RGOI9,444,mobile,electronics
U141,P009,purchase,2024-09-09 17:15:46,SESS_CUYDA,390,mobile,electronics
U141,P076,review,2024-09-09 17:39:56,SESS_U48GW,246,desktop,home
U142,P037,view,2024-02-07 15:47:11,SESS_6Z5GF,82,mobile,food
U142,P100,share,2024-02-07 16:43:17,SESS_77DYV,115,tablet,toys
U142,P090,compare,2024-02-07 16:35:13,SESS_77TNQ,89,desktop,toys
U142,P033,click,2024-02-07 18:37:35,SESS_R2BC9,275,tablet,food
U142,P024,view,2024-02-07 18:49:59,SESS_LSUTO,64,desktop,fashion
U142,P035,wishlist,2024-02-07 17:32:06,SESS_7PPCA,83,mobile,food
U142,P080,purchase,2024-02-07 21:15:11,SESS_11ZSB,142,mobile,home
U142,P096,add_to_cart,2024-02-07 18:23:59,SESS_0TBKG,56,tablet,toys
U143,P036,view,2024-06-17 11:20:48,SESS_BHQGH,140,mobile,food
U143,P049,click,2024-06-17 11:22:51,SESS_BN6EK,243,desktop,books
U143,P066,compare,2024-06-17 13:15:38,SESS_I7OFV,438,desktop,beauty
U143,P086,share,2024-06-17 14:20:39,SESS_6L7X6,329,desktop,home
U143,P007,click,2024-06-17 12:16:32,SESS_3RVWO,476,desktop,electronics
U143,P055,view,2024-06-17 12:04:48,SESS_E6RGL,180,desktop,sports
U143,P080,share,2024-06-17 13:23:24,SESS_4J1O5,223,tablet,home
U143,P004,click,2024-06-17 11:44:50,SESS_QDI3G,475,tablet,electronics
U144,P090,click,2024-08-26 23:12:20,SESS_B71GH,45,mobile,toys
U144,P006,wishlist,2024-08-26 23:30:27,SESS_7MHXO,24,tablet,electronics
U144,P003,click,2024-08-27 00:00:10,SESS_XP5CI,72,mobile,electronics
U144,P093,view,2024-08-27 01:35:32,SESS_CSAZ0,25,mobile,toys
U144,P011,view,2024-08-27 01:00:24,SESS_ACNU4,53,desktop,electronics
U144,P001,add_to_cart,2024-08-27 01:59:55,SESS_7XKWQ,100,mobile,electronics
U144,P021,compare,2024-08-27 03:39:02,SESS_Q7FTM,69,mobile,fashion
U144,P080,share,2024-08-27 02:15:09,SESS_0PKBO,117,mobile,home
U145,P093,view,2024-06-05 05:03:51,SESS_PP0PN,28,mobile,toys
U145,P012,click,2024-06-05 05:21:38,SESS_HGH5X,84,mobile,electronics
U145,P021,click,2024-06-05 05:34:59,SESS_OQTQ6,104,tablet,fashion
U145,P004,view,2024-06-05 05:38:54,SESS_X7P7A,18,mobile,electronics
U145,P027,add_to_cart,2024-06-05 08:37:51,SESS_FO2HO,64,mobile,fashion
U145,P093,add_to_cart,2024-06-05 09:29:21,SESS_W05Y2,15,mobile,toys
U145,P006,review,2024-06-05 07:18:09,SESS_7M08L,64,mobile,electronics
U145,P095,click,2024-06-05 06:34:30,SESS_KDU6F,58,mobile,toys
U146,P098,click,2024-06-08 02:29:36,SESS_Y69XF,257,mobile,toys
U146,P083,view,2024-06-08 02:42:14,SESS_1V9NP,66,mobile,home
U146,P098,purchase,2024-06-08 03:17:58,SESS_95CEK,220,tablet,toys
U146,P091,compare,2024-06-08 03:38:15,SESS_K22M9,186,mobile,toys
U146,P078,add_to_cart,2024-06-08 03:42:36,SESS_GKS6R,115,mobile,home
U146,P080,purchase,2024-06-08 05:02:21,SESS_MJ9XX,205,desktop,home
U146,P088,wishlist,2024-06-08 02:43:24,SESS_KHQNZ,168,desktop,toys
U146,P100,purchase,2024-06-08 08:14:35,SESS_M7ZTR,188,mobile,toys
U147,P069,wishlist,2024-09-17 21:42:13,SESS_AE1IG,126,mobile,beauty
U147,P017,view,2024-09-17 21:44:08,SESS_0M6CU,115,tablet,fashion
U147,P086,view,2024-09-17 22:00:51,SESS_CE77G,105,tablet,home
U147,P067,click,2024-09-18 00:12:01,SESS_CLTRH,567,desktop,beauty
U147,P087,purchase,2024-09-18 01:41:17,SESS_CGAGH,193,tablet,home
U147,P012,add_to_cart,2024-09-18 02:07:08,SESS_CGL9F,363,desktop,electronics
U147,P079,purchase,2024-09-18 03:25:55,SESS_MIA6Y,264,desktop,home
U147,P008,purchase,2024-09-18 03:39:27,SESS_C1PY6,348,mobile,electronics
U148,P012,click,2024-02-04 06:22:44,SESS_8U0LM,365,desktop,electronics
U148,P006,click,2024-02-04 07:14:35,SESS_GVBMQ,356,desktop,electronics
U148,P083,compare,2024-02-04 07:28:08,SESS_QF1PA,191,desktop,home
U148,P054,add_to_cart,2024-02-04 06:28:35,SESS_P36F8,231,mobile,sports
U148,P044,click,2024-02-04 06:32:36,SESS_RF34J,217,desktop,books
U148,P082,compare,2024-02-04 07:22:14,SESS_RXMD8,481,desktop,home
U148,P048,compare,2024-02-04 11:57:50,SESS_HR8WM,279,desktop,books
U148,P049,click,2024-02-04 08:44:22,SESS_MNYEU,362,mobile,books
U149,P087,view,2024-06-10 22:43:37,SESS_W6RKM,110,desktop,home
U149,P006,add_to_cart,2024-06-10 23:23:41,SESS_8IVI3,560,desktop,electronics
U149,P072,review,2024-06-10 23:38:03,SESS_1WCRV,332,mobile,beauty
U149,P013,wishlist,2024-06-11 01:12:22,SESS_F4CIW,395,desktop,electronics
U149,P066,wishlist,2024-06-11 00:14:57,SESS_RL5H3,252,tablet,beauty
U149,P005,review,2024-06-11 02:59:37,SESS_5SSIN,71,mobile,electronics
U149,P076,view,2024-06-11 03:13:19,SESS_1CQ6F,100,desktop,home
U149,P081,add_to_cart,2024-06-11 01:01:17,SESS_QHVKV,390,tablet,home
U150,P021,view,2024-12-02 23:54:05,SESS_ZTWXO,25,desktop,fashion
U150,P057,click,2024-12-03 00:33:53,SESS_BS0ZR,13,mobile,sports
U150,P012,view,2024-12-03 01:39:07,SESS_MMCMC,30,mobile,electronics
U150,P100,click,2024-12-03 00:28:47,SESS_TDHF1,116,mobile,toys
U150,P098,click,2024-12-03 00:12:21,SESS_XZRB1,24,tablet,toys
U150,P021,click,2024-12-03 03:35:35,SESS_YA1RY,94,mobile,fashion
U150,P010,view,2024-12-03 01:34:05,SESS_UAZUN,62,tablet,electronics
U150,P009,view,2024-12-03 05:00:55,SESS_0KUSF,17,desktop,electronics
U151,P022,view,2024-03-17 00:43:52,SESS_QQ8Y1,18,mobile,fashion
U151,P012,share,2024-03-17 00:58:54,SESS_HU03Y,118,mobile,electronics
U151,P016,click,2024-03-17 01:17:14,SESS_U5JSL,32,tablet,fashion
U151,P047,compare,2024-03-17 02:06:25,SESS_ZQO17,90,mobile,books
U151,P091,view,2024-03-17 01:17:08,SESS_54W48,64,mobile,toys
U151,P097,compare,2024-03-17 01:22:02,SESS_BHGP5,64,mobile,toys
U151,P016,share,2024-03-17 02:53:34,SESS_FQ796,20,tablet,fashion
U151,P015,share,2024-03-17 04:38:29,SESS_GE0Q5,93,mobile,electronics
U152,P012,click,2024-09-29 23:17:09,SESS_CYBR3,57,mobile,electronics
U152,P011,view,2024-09-30 00:10:41,SESS_5ZZHJ,47,mobile,electronics
U152,P051,click,2024-09-29 23:19:23,SESS_9BU4U,94,mobile,books
U152,P088,view,2024-09-29 23:38:15,SESS_VQRFX,28,desktop,toys
U152,P027,click,2024-09-30 01:12:17,SESS_GOQMK,109,desktop,fashion
U152,P081,compare,2024-09-29 23:51:39,SESS_V5LMQ,108,mobile,home
U152,P006,click,2024-09-30 05:15:15,SESS_9FMW0,113,desktop,electronics
U152,P014,add_to_cart,2024-09-30 00:03:07,SESS_359TS,78,mobile,electronics
U153,P050,click,2024-09-15 02:51:54,SESS_RL4N7,297,desktop,books
U153,P093,click,2024-09-15 03:39:51,SESS_1DXQ4,126,desktop,toys
U153,P023,click,2024-09-15 03:03:44,SESS_ZL1KH,79,tablet,fashion
U153,P028,add_to_cart,2024-09-15 03:37:18,SESS_G1CJ8,246,tablet,food
U153,P039,purchase,2024-09-15 04:29:34,SESS_NHPVR,277,desktop,food
U153,P035,add_to_cart,2024-09-15 03:07:29,SESS_JR211,246,desktop,food
U153,P086,purchase,2024-09-15 03:09:00,SESS_N81DJ,143,mobile,home
U153,P023,purchase,2024-09-15 05:40:01,SESS_I9BL1,235,mobile,fashion
U154,P074,add_to_cart,2024-01-04 23:56:47,SESS_PSQZN,109,mobile,beauty
U154,P071,view,2024-01-05 00:28:37,SESS_KFKLD,69,tablet,beauty
U154,P083,click,2024-01-05 00:51:39,SESS_1361B,247,mobile,home
U154,P091,purchase,2024-01-05 02:45:20,SESS_Z6DF0,429,desktop,toys
U154,P087,add_to_cart,2024-01-05 03:14:11,SESS_SYWDR,345,desktop,home
U154,P017,click,2024-01-05 03:48:37,SESS_MO765,183,mobile,fashion
U154,P011,add_to_cart,2024-01-05 04:32:59,SESS_9NJC2,249,desktop,electronics
U154,P004,add_to_cart,2024-01-05 02:27:17,SESS_EZAC2,175,desktop,electronics
U155,P006,share,2024-07-25 00:47:53,SESS_RHXRH,27,mobile,electronics
U155,P100,view,2024-07-25 01:34:25,SESS_ES5CS,9,mobile,toys
U155,P026,click,2024-07-25 01:20:39,SESS_3O1BL,55,mobile,fashion
U155,P022,click,2024-07-25 03:42:08,SESS_50EW2,118,mobile,fashion
U155,P031,click,2024-07-25 02:10:25,SESS_RCVPU,95,tablet,food
U155,P088,click,2024-07-25 03:07:03,SESS_KX9M4,82,mobile,toys
U155,P024,click,2024-07-25 06:04:05,SESS_5YZ7V,89,desktop,fashion
U155,P017,add_to_cart,2024-07-25 03:38:27,SESS_TWCW7,116,mobile,fashion
U156,P067,click,2024-05-01 13:51:09,SESS_9GMYK,494,desktop,beauty
U156,P066,purchase,2024-05-01 14:39:08,SESS_KYNTL,528,desktop,beauty
U156,P012,purchase,2024-05-01 14:32:55,SESS_WH23G,451,tablet,electronics
U156,P083,purchase,2024-05-01 15:50:30,SESS_QMJCE,312,tablet,home
U156,P002,click,2024-05-01 15:04:41,SESS_7Q9VJ,490,mobile,electronics
U156,P086,compare,2024-05-01 17:19:19,SESS_DPLFE,115,mobile,home
U156,P009,purchase,2024-05-01 14:49:15,SESS_27YH6,410,mobile,electronics
U156,P075,purchase,2024-05-01 17:23:29,SESS_IHV17,301,tablet,beauty
U157,P003,purchase,2024-08-03 00:57:12,SESS_NTAFU,120,tablet,electronics
U157,P014,click,2024-08-03 01:14:43,SESS_QFGHD,35,desktop,electronics
U157,P094,click,2024-08-03 01:30:54,SESS_DCZP0,54,tablet,toys
U157,P009,wishlist,2024-08-03 01:42:12,SESS_5R2SL,68,mobile,electronics
U157,P025,view,2024-08-03 01:40:36,SESS_ZVZN2,18,mobile,fashion
U157,P019,purchase,2024-08-03 02:20:57,SESS_N58YU,120,mobile,fashion
U157,P085,click,2024-08-03 03:39:12,SESS_APQPP,49,mobile,home
U157,P023,view,2024-08-03 02:48:51,SESS_4XV34,29,mobile,fashion
U158,P029,click,2024-02-04 22:36:16,SESS_BC7QK,121,mobile,food
U158,P046,view,2024-02-04 23:12:48,SESS_C5WU2,65,tablet,books
U158,P032,wishlist,2024-02-04 23:36:02,SESS_6I3HZ,27,desktop,food
U158,P024,view,2024-02-05 00:13:58,SESS_TNGTG,60,mobile,fashion
U158,P060,share,2024-02-05 00:57:00,SESS_SCEBF,43,mobile,sports
U158,P073,share,2024-02-05 01:19:06,SESS_IGDIX,20,mobile,beauty
U158,P020,review,2024-02-05 04:09:28,SESS_R1T05,179,tablet,fashion
U158,P073,review,2024-02-05 05:23:26,SESS_01SOS,187,mobile,beauty
U159,P020,view,2024-01-29 12:17:48,SESS_NKAR1,18,mobile,fashion
U159,P008,wishlist,2024-01-29 13:12:45,SESS_1F2OF,120,mobile,electronics
U159,P022,click,2024-01-29 13:23:18,SESS_NHE8I,23,tablet,fashion
U159,P057,view,2024-01-29 13:56:03,SESS_655CK,57,mobile,sports
U159,P017,click,2024-01-29 13:14:36,SESS_LSAD0,76,mobile,fashion
U159,P011,click,2024-01-29 12:30:58,SESS_QMWML,52,mobile,electronics
U159,P015,click,2024-01-29 15:43:24,SESS_PSXT0,69,mobile,electronics
U159,P081,add_to_cart,2024-01-29 15:54:55,SESS_0WF1H,83,mobile,home
U160,P003,view,2024-01-17 06:27:30,SESS_G25PU,118,mobile,electronics
U160,P028,view,2024-01-17 07:01:26,SESS_2H6FY,67,mobile,food
U160,P085,purchase,2024-01-17 07:20:18,SESS_48JU6,536,desktop,home
U160,P084,click,2024-01-17 08:50:09,SESS_4VY32,311,mobile,home
U160,P080,add_to_cart,2024-01-17 08:50:26,SESS_K99BV,323,mobile,home
U160,P014,review,2024-01-17 07:57:20,SESS_QFDTN,469,desktop,electronics
U160,P004,add_to_cart,2024-01-17 09:50:30,SESS_8X17C,475,tablet,electronics
U160,P076,purchase,2024-01-17 09:31:29,SESS_EI5R8,421,mobile,home
U161,P066,view,2024-04-01 07:23:47,SESS_LNCC2,60,mobile,beauty
U161,P015,compare,2024-04-01 08:19:56,SESS_ZFBQB,358,tablet,electronics
U161,P075,add_to_cart,2024-04-01 08:43:51,SESS_DFLD9,144,tablet,beauty
U161,P013,click,2024-04-01 08:46:47,SESS_3RJK4,133,tablet,electronics
U161,P008,purchase,2024-04-01 08:38:43,SESS_F1SRI,265,mobile,electronics
U161,P039,purchase,2024-04-01 10:03:12,SESS_MSKZO,533,tablet,food
U161,P062,purchase,2024-04-01 09:08:17,SESS_QZBC5,195,mobile,sports
U161,P012,click,2024-04-01 13:38:52,SESS_LLIRO,369,tablet,electronics
U162,P018,view,2024-07-02 18:48:26,SESS_CB4JG,36,mobile,fashion
U162,P071,view,2024-07-02 19:11:45,SESS_0ZX81,60,desktop,beauty
U162,P005,click,2024-07-02 19:56:54,SESS_5MBFS,68,tablet,electronics
U162,P034,view,2024-07-02 18:53:17,SESS_WZ2NA,35,desktop,food
U162,P043,view,2024-07-02 21:58:10,SESS_X0ST6,42,desktop,books
U162,P027,wishlist,2024-07-02 21:28:41,SESS_8VK9Q,41,mobile,fashion
U162,P100,view,2024-07-03 00:34:08,SESS_576VI,25,tablet,toys
U162,P020,share,2024-07-03 01:42:36,SESS_BI6JJ,72,mobile,fashion
U163,P016,click,2024-11-15 01:00:05,SESS_2J3TP,69,tablet,fashion
U163,P061,click,2024-11-15 01:34:59,SESS_9HXKE,35,tablet,sports
U163,P093,view,2024-11-15 02:31:39,SESS_HYCX8,6,mobile,toys
U163,P054,add_to_cart,2024-11-15 03:20:38,SESS_JFP0N,102,tablet,sports
U163,P099,click,2024-11-15 01:22:45,SESS_CFE78,13,desktop,toys
U163,P054,view,2024-11-15 03:39:05,SESS_MS4TS,35,desktop,sports
U163,P006,wishlist,2024-11-15 03:30:41,SESS_G3TJA,84,tablet,electronics
U163,P017,view,2024-11-15 03:50:32,SESS_F3TR7,45,mobile,fashion
U164,P077,purchase,2024-05-31 04:20:09,SESS_3HGW1,502,desktop,home
U164,P050,share,2024-05-31 05:14:27,SESS_R1NXH,102,mobile,books
U164,P069,view,2024-05-31 05:52:53,SESS_7XO48,115,desktop,beauty
U164,P010,purchase,2024-05-31 07:00:03,SESS_EER90,294,mobile,electronics
U164,P067,add_to_cart,2024-05-31 08:08:37,SESS_PBD7X,200,desktop,beauty
U164,P032,purchase,2024-05-31 06:45:44,SESS_99NR0,328,mobile,food
U164,P066,review,2024-05-31 05:22:21,SESS_7V4ND,330,desktop,beauty
U164,P003,purchase,2024-05-31 09:05:17,SESS_2IJ4T,397,tablet,electronics
U165,P099,click,2024-10-03 19:54:24,SESS_XDO7L,117,mobile,toys
U165,P027,view,2024-10-03 20:00:05,SESS_D8A6B,56,mobile,fashion
U165,P018,click,2024-10-03 21:13:00,SESS_6IMG7,94,tablet,fashion
U165,P008,view,2024-10-03 22:22:24,SESS_E03YI,31,mobile,electronics
U165,P025,wishlist,2024-10-03 23:30:20,SESS_4RIPW,54,mobile,fashion
U165,P018,click,2024-10-03 23:20:59,SESS_OUJW6,95,mobile,fashion
U165,P016,compare,2024-10-03 22:46:30,SESS_V0YU3,97,mobile,fashion
U165,P012,view,2024-10-03 22:00:45,SESS_00YEH,12,mobile,electronics
U166,P052,click,2024-10-05 13:07:43,SESS_HF025,286,tablet,sports
U166,P062,view,2024-10-05 13:53:59,SESS_HWHM5,174,tablet,sports
U166,P005,wishlist,2024-10-05 13:44:07,SESS_AQC6C,354,desktop,electronics
U166,P044,view,2024-10-05 14:07:55,SESS_G1R1C,149,desktop,books
U166,P004,share,2024-10-05 14:26:55,SESS_48JRP,188,mobile,electronics
U166,P007,add_to_cart,2024-10-05 16:20:58,SESS_S7DZS,473,mobile,electronics
U166,P063,share,2024-10-05 13:39:25,SESS_U5IK3,462,tablet,sports
U166,P038,share,2024-10-05 17:27:11,SESS_A8LYT,410,desktop,food
U167,P087,add_to_cart,2024-03-13 18:25:56,SESS_ZJHO4,425,mobile,home
U167,P015,view,2024-03-13 18:30:03,SESS_4M1TR,87,tablet,electronics
U167,P002,purchase,2024-03-13 18:46:38,SESS_I5HO9,157,mobile,electronics
U167,P099,view,2024-03-13 21:00:02,SESS_HNBAV,67,tablet,toys
U167,P079,view,2024-03-13 19:34:32,SESS_WDJV0,120,desktop,home
U167,P068,purchase,2024-03-13 22:15:16,SESS_107R9,527,desktop,beauty
U167,P009,purchase,2024-03-13 22:27:38,SESS_JPMMQ,476,mobile,electronics
U167,P011,purchase,2024-03-13 19:55:04,SESS_3IBG3,221,mobile,electronics
U168,P066,view,2024-09-13 23:07:48,SESS_6HW5K,103,desktop,beauty
U168,P008,view,2024-09-13 23:20:29,SESS_NTY6D,108,mobile,electronics
U168,P077,add_to_cart,2024-09-14 00:45:18,SESS_3JSTY,397,tablet,home
U168,P072,purchase,2024-09-13 23:54:57,SESS_8PV2K,253,desktop,beauty
U168,P004,add_to_cart,2024-09-14 00:54:20,SESS_1QDU2,189,tablet,electronics
U168,P072,share,2024-09-13 23:51:23,SESS_UOXZ3,114,desktop,beauty
U168,P013,add_to_cart,2024-09-13 23:34:30,SESS_SV5IT,407,desktop,electronics
U168,P081,purchase,2024-09-14 05:50:25,SESS_GP4H2,232,desktop,home
U169,P007,click,2024-02-27 09:48:10,SESS_C1QY9,48,mobile,electronics
U169,P013,click,2024-02-27 09:50:49,SESS_50DF0,86,mobile,electronics
U169,P008,compare,2024-02-27 10:03:34,SESS_P6XCW,98,mobile,electronics
U169,P021,click,2024-02-27 10:14:43,SESS_2SKKF,74,tablet,fashion
U169,P096,click,2024-02-27 12:06:14,SESS_S1F3K,84,desktop,toys
U169,P016,click,2024-02-27 12:32:40,SESS_AVAJI,49,desktop,fashion
U169,P096,view,2024-02-27 10:55:34,SESS_OUIFJ,19,tablet,toys
U169,P006,click,2024-02-27 11:16:29,SESS_2NBZW,11,mobile,electronics
U170,P097,view,2024-08-21 20:00:07,SESS_1284S,13,mobile,toys
U170,P015,view,2024-08-21 20:27:51,SESS_JT660,21,desktop,electronics
U170,P090,click,2024-08-21 21:06:47,SESS_R7SN1,72,desktop,toys
U170,P003,add_to_cart,2024-08-21 20:32:04,SESS_ZWKGU,90,desktop,electronics
U170,P018,view,2024-08-21 21:58:43,SESS_1E04P,11,mobile,fashion
U170,P023,share,2024-08-22 00:45:42,SESS_O8WF8,52,desktop,fashion
U170,P003,click,2024-08-21 21:39:55,SESS_ZNTGG,115,tablet,electronics
U170,P008,click,2024-08-21 23:23:35,SESS_25S8T,7,desktop,electronics
U171,P060,click,2024-05-23 01:28:26,SESS_9L9Q3,151,desktop,sports
U171,P011,click,2024-05-23 02:27:39,SESS_KHH83,219,tablet,electronics
U171,P015,compare,2024-05-23 02:24:18,SESS_033DZ,352,desktop,electronics
U171,P024,view,2024-05-23 02:12:05,SESS_IDYRE,161,desktop,fashion
U171,P014,view,2024-05-23 01:53:22,SESS_87WS1,140,tablet,electronics
U171,P058,compare,2024-05-23 05:39:16,SESS_56AG3,135,desktop,sports
U171,P002,share,2024-05-23 07:17:26,SESS_V7INR,479,desktop,electronics
U171,P027,compare,2024-05-23 01:36:50,SESS_5YOVM,149,mobile,fashion
U172,P062,add_to_cart,2024-11-09 23:53:35,SESS_DKITM,133,desktop,sports
U172,P079,view,2024-11-10 00:43:56,SESS_FHVFI,137,desktop,home
U172,P044,compare,2024-11-10 01:30:31,SESS_00ET7,141,tablet,books
U172,P004,wishlist,2024-11-10 01:17:32,SESS_P80SD,185,desktop,electronics
U172,P004,compare,2024-11-10 00:12:39,SESS_SHO5D,133,desktop,electronics
U172,P045,compare,2024-11-10 01:11:10,SESS_DGH6M,340,desktop,books
U172,P053,share,2024-11-10 05:46:41,SESS_R1XFH,388,tablet,sports
U172,P041,add_to_cart,2024-11-10 04:25:32,SESS_ATQGK,364,tablet,books
U173,P034,view,2024-10-13 02:09:04,SESS_XWEDN,74,desktop,food
U173,P036,view,2024-10-13 02:48:36,SESS_UCKU7,75,tablet,food
U173,P034,wishlist,2024-10-13 03:47:28,SESS_U7PW3,181,tablet,food
U173,P099,wishlist,2024-10-13 04:30:58,SESS_14DSF,217,desktop,toys
U173,P091,click,2024-10-13 04:47:24,SESS_DASLW,129,tablet,toys
U173,P018,review,2024-10-13 06:49:29,SESS_3KF8O,203,tablet,fashion
U173,P099,view,2024-10-13 06:03:34,SESS_ROE19,31,desktop,toys
U173,P032,purchase,2024-10-13 08:02:13,SESS_IVLX6,286,mobile,food
U174,P100,view,2024-02-23 19:07:42,SESS_93685,37,tablet,toys
U174,P081,view,2024-02-23 20:03:37,SESS_4FVMY,57,desktop,home
U174,P094,purchase,2024-02-23 19:56:44,SESS_OC3AR,229,mobile,toys
U174,P031,wishlist,2024-02-23 20:14:54,SESS_U91JG,166,mobile,food
U174,P100,wishlist,2024-02-23 23:03:42,SESS_SWBB8,274,desktop,toys
U174,P096,purchase,2024-02-23 21:26:02,SESS_6O9E9,219,desktop,toys
U174,P091,review,2024-02-23 21:30:48,SESS_33A8N,74,desktop,toys
U174,P086,purchase,2024-02-24 02:04:33,SESS_0BOGW,170,tablet,home
U175,P028,click,2024-09-06 08:33:22,SESS_WJ6PV,230,mobile,food
U175,P090,click,2024-09-06 09:26:27,SESS_5YVMT,77,desktop,toys
U175,P095,compare,2024-09-06 08:41:52,SESS_9U7C1,65,mobile,toys
U175,P092,view,2024-09-06 09:16:19,SESS_HQDE7,52,desktop,toys
U175,P082,click,2024-09-06 11:06:06,SESS_7QH96,82,mobile,home
U175,P077,add_to_cart,2024-09-06 11:02:22,SESS_ISYER,206,mobile,home
U175,P077,review,2024-09-06 12:22:40,SESS_KJB85,142,mobile,home
U175,P060,view,2024-09-06 15:10:58,SESS_DJ9IH,46,tablet,sports
U176,P015,click,2024-07-26 10:56:07,SESS_RS6C4,154,tablet,electronics
U176,P029,click,2024-07-26 11:14:56,SESS_S9GT0,563,desktop,food
U176,P079,wishlist,2024-07-26 12:50:55,SESS_I3IES,386,desktop,home
U176,P071,compare,2024-07-26 11:03:46,SESS_RZTWO,181,desktop,beauty
U176,P083,click,2024-07-26 12:50:43,SESS_S34A1,445,desktop,home
U176,P003,add_to_cart,2024-07-26 13:00:17,SESS_LF9YX,75,desktop,electronics
U176,P077,wishlist,2024-07-26 13:47:55,SESS_U0S1G,202,desktop,home
U176,P085,compare,2024-07-26 15:29:28,SESS_V1JPV,355,desktop,home
U177,P021,add_to_cart,2024-03-02 11:48:26,SESS_YI4PZ,193,mobile,fashion
U177,P074,view,2024-03-02 12:30:46,SESS_M0SWX,28,mobile,beauty
U177,P035,compare,2024-03-02 13:32:58,SESS_6ZPMG,199,mobile,food
U177,P024,share,2024-03-02 14:05:53,SESS_G7QNC,167,mobile,fashion
U177,P071,review,2024-03-02 14:06:54,SESS_NFW6S,99,tablet,beauty
U177,P037,purchase,2024-03-02 16:09:21,SESS_BXLSO,143,mobile,food
U177,P064,review,2024-03-02 12:06:38,SESS_X51O0,144,mobile,beauty
U177,P026,add_to_cart,2024-03-02 14:09:01,SESS_6G04J,56,tablet,fashion
U178,P006,wishlist,2024-08-18 12:42:20,SESS_KWWET,335,desktop,electronics
U178,P043,click,2024-08-18 13:22:25,SESS_7MFCY,395,mobile,books
U178,P090,share,2024-08-18 13:31:12,SESS_O8G8H,287,desktop,toys
U178,P069,view,2024-08-18 15:41:32,SESS_9SUON,120,desktop,beauty
U178,P084,add_to_cart,2024-08-18 15:32:52,SESS_LRY3I,258,desktop,home
U178,P072,review,2024-08-18 13:12:45,SESS_7ERRB,594,tablet,beauty
U178,P005,review,2024-08-18 13:23:32,SESS_4HLLQ,394,tablet,electronics
U178,P012,add_to_cart,2024-08-18 17:45:12,SESS_53R4S,303,desktop,electronics
U179,P068,compare,2024-05-03 05:38:20,SESS_ZXD82,96,desktop,beauty
U179,P085,click,2024-05-03 05:47:39,SESS_ZSUV4,549,mobile,home
U179,P014,purchase,2024-05-03 06:56:28,SESS_4MFEL,534,tablet,electronics
U179,P076,compare,2024-05-03 08:38:17,SESS_1S2QP,365,tablet,home
U179,P069,purchase,2024-05-03 09:04:36,SESS_6KW0P,306,desktop,beauty
U179,P073,purchase,2024-05-03 08:34:40,SESS_E8683,339,tablet,beauty
U179,P015,view,2024-05-03 06:48:08,SESS_2NIXI,75,mobile,electronics
U179,P021,review,2024-05-03 06:18:21,SESS_HLRSW,495,desktop,fashion
U180,P024,click,2024-02-08 23:30:37,SESS_NWZF8,93,tablet,fashion
U180,P026,add_to_cart,2024-02-09 00:20:43,SESS_8XFAN,70,tablet,fashion
U180,P068,view,2024-02-08 23:42:07,SESS_S2GT3,52,mobile,beauty
U180,P031,click,2024-02-09 02:25:52,SESS_XWWC0,118,mobile,food
U180,P023,view,2024-02-09 02:50:33,SESS_TMT1O,50,mobile,fashion
U180,P015,click,2024-02-09 02:14:02,SESS_L0NWR,53,mobile,electronics
U180,P006,view,2024-02-09 00:13:31,SESS_S1YQ6,40,mobile,electronics
U180,P009,review,2024-02-09 05:20:51,SESS_PEQCY,72,mobile,electronics
U181,P028,view,2024-03-25 09:06:08,SESS_F86HO,130,tablet,food
U181,P074,wishlist,2024-03-25 09:12:16,SESS_XITIF,454,desktop,beauty
U181,P045,share,2024-03-25 09:50:10,SESS_JE0Q0,372,desktop,books
U181,P055,compare,2024-03-25 11:06:02,SESS_L5U8R,486,desktop,sports
U181,P010,compare,2024-03-25 13:05:08,SESS_UAUPF,289,desktop,electronics
U181,P100,share,2024-03-25 12:00:58,SESS_ZHZ3E,405,tablet,toys
U181,P042,view,2024-03-25 13:48:38,SESS_1D2O2,175,mobile,books
U181,P040,purchase,2024-03-25 13:37:58,SESS_R3YQS,411,desktop,books
U182,P074,click,2024-09-26 06:12:25,SESS_IT727,140,desktop,beauty
U182,P004,share,2024-09-26 06:57:28,SESS_CU2LQ,297,tablet,electronics
U182,P051,share,2024-09-26 06:27:11,SESS_AFU20,420,desktop,books
U182,P044,view,2024-09-26 07:12:10,SESS_X0GWH,120,desktop,books
U182,P019,share,2024-09-26 08:32:53,SESS_D8FBF,197,mobile,fashion
U182,P063,compare,2024-09-26 08:37:20,SESS_QXBV0,165,mobile,sports
U182,P042,compare,2024-09-26 06:35:31,SESS_EZQ0X,390,desktop,books
U182,P049,compare,2024-09-26 08:01:37,SESS_BUPMT,458,mobile,books
U183,P018,add_to_cart,2024-09-15 07:35:22,SESS_GDAUO,388,mobile,fashion
U183,P049,click,2024-09-15 07:45:33,SESS_FKE4V,478,tablet,books
U183,P075,add_to_cart,2024-09-15 09:25:20,SESS_C0X2H,461,desktop,beauty
U183,P061,wishlist,2024-09-15 07:41:49,SESS_1IQFG,303,desktop,sports
U183,P005,compare,2024-09-15 08:14:54,SESS_HA752,133,mobile,electronics
U183,P046,click,2024-09-15 11:09:57,SESS_FIRCV,151,desktop,books
U183,P022,share,2024-09-15 11:43:16,SESS_AIEKX,174,desktop,fashion
U183,P050,compare,2024-09-15 07:45:59,SESS_HZKIE,435,desktop,books
U184,P095,view,2024-07-11 18:39:44,SESS_LCPY9,53,mobile,toys
U184,P044,click,2024-07-11 18:47:59,SESS_E3QAB,60,desktop,books
U184,P016,add_to_cart,2024-07-11 20:31:46,SESS_62TDO,76,mobile,fashion
U184,P036,view,2024-07-11 19:02:41,SESS_3YQFB,76,mobile,food
U184,P035,view,2024-07-11 21:02:32,SESS_BQIQI,35,tablet,food
U184,P057,compare,2024-07-11 20:18:44,SESS_RHOEH,64,desktop,sports
U184,P096,purchase,2024-07-11 21:48:44,SESS_PPJBE,121,mobile,toys
U184,P049,purchase,2024-07-12 01:19:47,SESS_37746,231,tablet,books
U185,P014,view,2024-08-15 05:58:01,SESS_RB9OP,24,tablet,electronics
U185,P013,view,2024-08-15 06:06:58,SESS_BVXEJ,6,desktop,electronics
U185,P009,wishlist,2024-08-15 07:15:23,SESS_CZ14W,39,mobile,electronics
U185,P099,view,2024-08-15 08:41:40,SESS_GJVBV,46,tablet,toys
U185,P085,click,2024-08-15 08:16:33,SESS_WXHVY,109,mobile,home
U185,P092,view,2024-08-15 08:13:21,SESS_8FR8R,41,mobile,toys
U185,P013,click,2024-08-15 07:18:55,SESS_HYSVK,77,tablet,electronics
U185,P100,view,2024-08-15 11:44:59,SESS_3J548,13,mobile,toys
U186,P066,view,2024-07-19 05:28:20,SESS_BFXA2,100,mobile,beauty
U186,P019,view,2024-07-19 06:17:14,SESS_1UV52,88,tablet,fashion
U186,P023,compare,2024-07-19 07:10:06,SESS_4SVKX,91,tablet,fashion
U186,P080,add_to_cart,2024-07-19 05:59:38,SESS_FE85S,298,desktop,home
U186,P069,add_to_cart,2024-07-19 05:35:28,SESS_TCATP,387,desktop,beauty
U186,P014,add_to_cart,2024-07-19 08:45:35,SESS_DVDXD,221,desktop,electronics
U186,P068,review,2024-07-19 09:40:02,SESS_YUSQ1,548,desktop,beauty
U186,P010,purchase,2024-07-19 11:16:14,SESS_E6DUE,338,mobile,electronics
U187,P068,click,2024-09-06 10:55:11,SESS_YULND,127,mobile,beauty
U187,P078,view,2024-09-06 10:59:16,SESS_57ZKV,34,mobile,home
U187,P076,click,2024-09-06 12:07:01,SESS_LCAUD,46,mobile,home
U187,P050,wishlist,2024-09-06 12:49:17,SESS_TA882,78,mobile,books
U187,P031,review,2024-09-06 12:58:11,SESS_EJR91,173,mobile,food
U187,P025,share,2024-09-06 11:30:36,SESS_KH3V1,195,mobile,fashion
U187,P038,share,2024-09-06 16:37:17,SESS_5ZDHZ,10,mobile,food
U187,P015,wishlist,2024-09-06 15:27:57,SESS_SO2Z6,102,tablet,electronics
U188,P017,click,2024-04-27 07:39:56,SESS_LBGKB,77,mobile,fashion
U188,P100,click,2024-04-27 08:31:57,SESS_CSZVU,74,desktop,toys
U188,P088,share,2024-04-27 08:44:58,SESS_3FJPO,113,tablet,toys
U188,P073,view,2024-04-27 09:03:41,SESS_W8TWT,56,tablet,beauty
U188,P094,add_to_cart,2024-04-27 10:13:56,SESS_P7NL6,16,mobile,toys
U188,P026,view,2024-04-27 08:27:16,SESS_W0YCY,35,tablet,fashion
U188,P027,view,2024-04-27 08:32:20,SESS_CCYC3,39,desktop,fashion
U188,P019,click,2024-04-27 09:45:42,SESS_OZESJ,52,mobile,fashion
U189,P074,click,2024-01-03 23:34:02,SESS_3K8JB,445,tablet,beauty
U189,P087,wishlist,2024-01-04 00:16:54,SESS_PRB2J,74,tablet,home
U189,P070,review,2024-01-04 00:42:56,SESS_1M6U2,375,desktop,beauty
U189,P048,review,2024-01-03 23:42:56,SESS_PI2JO,450,desktop,books
U189,P034,add_to_cart,2024-01-04 00:56:58,SESS_BOMVI,114,mobile,food
U189,P078,review,2024-01-04 00:19:27,SESS_GK82P,549,desktop,home
U189,P078,review,2024-01-04 03:51:08,SESS_CACK9,154,desktop,home
U189,P060,review,2024-01-04 04:46:35,SESS_NC19A,545,desktop,sports
U190,P031,review,2024-07-05 21:06:44,SESS_U5M76,298,tablet,food
U190,P094,add_to_cart,2024-07-05 22:05:56,SESS_F3C07,57,mobile,toys
U190,P100,review,2024-07-05 21:55:26,SESS_IMVN1,72,mobile,toys
U190,P090,add_to_cart,2024-07-05 22:03:56,SESS_8GEYZ,149,desktop,toys
U190,P068,view,2024-07-06 00:15:16,SESS_8JXKQ,77,mobile,beauty
U190,P029,add_to_cart,2024-07-05 22:17:44,SESS_FZQ1W,281,desktop,food
U190,P035,purchase,2024-07-06 02:29:32,SESS_OHXXY,162,mobile,food
U190,P096,purchase,2024-07-05 22:34:49,SESS_36MAT,137,desktop,toys
U191,P057,click,2024-04-05 21:37:43,SESS_BV2IZ,575,tablet,sports
U191,P006,wishlist,2024-04-05 21:59:34,SESS_A4520,587,mobile,electronics
U191,P095,purchase,2024-04-05 22:49:55,SESS_64MGJ,589,desktop,toys
U191,P082,view,2024-04-05 23:29:34,SESS_HTNCV,73,desktop,home
U191,P016,purchase,2024-04-06 00:39:27,SESS_12YIV,195,desktop,fashion
U191,P060,review,2024-04-06 02:17:03,SESS_WU9S1,122,desktop,sports
U191,P097,review,2024-04-06 03:26:43,SESS_RJQEN,97,tablet,toys
U191,P087,purchase,2024-04-05 23:52:35,SESS_EHUIQ,386,mobile,home
U192,P050,click,2024-02-10 01:55:29,SESS_B7F5H,208,desktop,books
U192,P051,click,2024-02-10 02:10:57,SESS_GE3AI,121,mobile,books
U192,P008,wishlist,2024-02-10 02:13:07,SESS_BB4V5,466,desktop,electronics
U192,P048,view,2024-02-10 02:58:59,SESS_GNDC0,177,desktop,books
U192,P050,compare,2024-02-10 04:40:29,SESS_SBRP1,401,desktop,books
U192,P007,compare,2024-02-10 05:21:24,SESS_LYDA0,128,desktop,electronics
U192,P028,review,2024-02-10 07:35:29,SESS_KL0N4,289,mobile,food
U192,P007,compare,2024-02-10 07:21:48,SESS_OJC6O,309,desktop,electronics
U193,P044,view,2024-02-05 01:37:20,SESS_TDW7V,54,desktop,books
U193,P088,view,2024-02-05 02:16:40,SESS_1PTKF,39,desktop,toys
U193,P018,click,2024-02-05 02:42:00,SESS_2TTUS,86,mobile,fashion
U193,P098,click,2024-02-05 04:20:23,SESS_WNNVG,63,tablet,toys
U193,P016,add_to_cart,2024-02-05 02:45:56,SESS_E7E51,50,mobile,fashion
U193,P034,view,2024-02-05 02:09:10,SESS_TA76N,13,tablet,food
U193,P069,click,2024-02-05 02:31:32,SESS_QQZYE,42,mobile,beauty
U193,P002,click,2024-02-05 08:05:15,SESS_4TKVV,22,mobile,electronics
U194,P021,click,2024-02-24 17:24:24,SESS_Q356J,98,mobile,fashion
U194,P024,view,2024-02-24 17:45:26,SESS_N4BPS,5,tablet,fashion
U194,P023,share,2024-02-24 19:03:22,SESS_U7BWH,95,tablet,fashion
U194,P008,view,2024-02-24 20:16:48,SESS_E4QGF,40,desktop,electronics
U194,P052,view,2024-02-24 19:40:56,SESS_S83GY,50,mobile,sports
U194,P017,click,2024-02-24 20:34:29,SESS_72NRC,49,tablet,fashion
U194,P002,view,2024-02-24 20:02:36,SESS_9V45D,57,desktop,electronics
U194,P017,purchase,2024-02-24 17:52:10,SESS_0I32B,120,mobile,fashion
U195,P074,view,2024-01-28 12:39:03,SESS_JZ9DS,55,mobile,beauty
U195,P055,purchase,2024-01-28 12:49:39,SESS_2SOTH,120,mobile,sports
U195,P023,wishlist,2024-01-28 13:37:29,SESS_4DWZ7,65,mobile,fashion
U195,P089,view,2024-01-28 15:19:51,SESS_0CJBM,40,desktop,toys
U195,P090,view,2024-01-28 14:04:03,SESS_H52MJ,53,tablet,toys
U195,P007,click,2024-01-28 15:02:28,SESS_59P0Q,80,mobile,electronics
U195,P056,share,2024-01-28 16:11:09,SESS_HKG2N,107,tablet,sports
U195,P058,share,2024-01-28 17:04:07,SESS_BMQPJ,11,mobile,sports
U196,P082,view,2024-05-10 07:40:44,SESS_G3VTL,109,desktop,home
U196,P075,view,2024-05-10 07:43:36,SESS_XV6DD,66,desktop,beauty
U196,P077,purchase,2024-05-10 09:16:28,SESS_ALK7Y,147,desktop,home
U196,P064,add_to_cart,2024-05-10 09:50:53,SESS_NI37Z,145,desktop,beauty
U196,P026,view,2024-05-10 09:44:12,SESS_626M8,60,mobile,fashion
U196,P064,click,2024-05-10 08:23:34,SESS_M576M,325,desktop,beauty
U196,P064,purchase,2024-05-10 08:04:38,SESS_8R1Z4,357,desktop,beauty
U196,P087,review,2024-05-10 13:09:44,SESS_NBI1C,69,tablet,home
U197,P027,view,2024-09-20 03:06:56,SESS_6EJEB,18,mobile,fashion
U197,P100,view,2024-09-20 03:12:50,SESS_TW689,26,tablet,toys
U197,P009,click,2024-09-20 04:52:40,SESS_16YMB,54,mobile,electronics
U197,P025,compare,2024-09-20 03:12:35,SESS_XOP63,63,mobile,fashion
U197,P023,view,2024-09-20 06:43:24,SESS_ZIRJY,50,tablet,fashion
U197,P010,wishlist,2024-09-20 04:56:36,SESS_U8NIA,67,mobile,electronics
U197,P033,click,2024-09-20 04:42:08,SESS_FMAR9,45,mobile,food
U197,P032,view,2024-09-20 07:30:36,SESS_JUWXU,54,mobile,food
U198,P017,view,2024-04-29 12:06:51,SESS_BB6PY,32,mobile,fashion
U198,P036,share,2024-04-29 12:42:41,SESS_JA5EN,123,mobile,food
U198,P020,share,2024-04-29 12:54:31,SESS_87Q19,152,desktop,fashion
U198,P073,share,2024-04-29 12:27:48,SESS_G01LO,69,tablet,beauty
U198,P030,share,2024-04-29 15:20:23,SESS_FNSCQ,128,tablet,food
U198,P016,share,2024-04-29 12:50:56,SESS_DMFZT,56,mobile,fashion
U198,P029,review,2024-04-29 16:21:51,SESS_0GM62,193,mobile,food
U198,P026,wishlist,2024-04-29 12:58:53,SESS_P1SHN,150,mobile,fashion
U199,P059,click,2024-12-08 00:56:52,SESS_GYNSZ,293,tablet,sports
U199,P061,wishlist,2024-12-08 01:02:27,SESS_TN7SU,208,tablet,sports
U199,P014,view,2024-12-08 01:11:58,SESS_9E0RA,131,desktop,electronics
U199,P054,share,2024-12-08 03:51:37,SESS_9E8CD,262,desktop,sports
U199,P051,view,2024-12-08 04:25:28,SESS_40C98,156,desktop,books
U199,P050,click,2024-12-08 04:35:57,SESS_0EW9J,485,desktop,books
U199,P042,compare,2024-12-08 04:26:46,SESS_M7ZDN,219,mobile,books
U199,P036,view,2024-12-08 03:44:10,SESS_5OOA9,123,desktop,food
U200,P095,click,2024-03-30 15:17:48,SESS_6DTEC,15,mobile,toys
U200,P022,click,2024-03-30 16:14:17,SESS_Y0QNV,50,mobile,fashion
U200,P041,share,2024-03-30 15:23:46,SESS_J403C,109,mobile,books
U200,P019,share,2024-03-30 16:46:45,SESS_RSNUN,116,tablet,fashion
U200,P100,share,2024-03-30 15:32:52,SESS_NZ7DS,110,mobile,toys
U200,P032,share,2024-03-30 19:50:08,SESS_JXPP9,185,mobile,food
U200,P049,wishlist,2024-03-30 15:27:12,SESS_KVGG4,108,mobile,books
U200,P017,wishlist,2024-03-30 16:34:55,SESS_J2X70,177,mobile,fashion
U201,P072,wishlist,2024-09-18 13:31:55,SESS_5B08V,160,desktop,beauty
U201,P038,view,2024-09-18 13:54:09,SESS_6ZXUN,74,mobile,food
U201,P015,view,2024-09-18 14:12:21,SESS_89GNC,94,mobile,electronics
U201,P014,view,2024-09-18 15:56:07,SESS_IC44T,85,mobile,electronics
U201,P057,review,2024-09-18 17:08:27,SESS_06UJL,524,desktop,sports
U201,P063,review,2024-09-18 17:13:50,SESS_MH8PU,337,desktop,sports
U201,P077,purchase,2024-09-18 15:32:43,SESS_EGKAZ,124,desktop,home
U201,P060,click,2024-09-18 16:22:08,SESS_GOF2N,450,desktop,sports
U202,P016,click,2024-03-11 13:47:20,SESS_ENZ9J,108,mobile,fashion
U202,P011,compare,2024-03-11 14:32:45,SESS_TH2FO,89,mobile,electronics
U202,P067,review,2024-03-11 13:56:56,SESS_QOXQD,64,mobile,beauty
U202,P029,wishlist,2024-03-11 15:39:02,SESS_37FEN,150,mobile,food
U202,P057,click,2024-03-11 15:30:20,SESS_3X0G6,139,desktop,sports
U202,P038,share,2024-03-11 16:42:20,SESS_BRXFX,183,mobile,food
U202,P075,share,2024-03-11 15:24:26,SESS_6QEPY,114,mobile,beauty
U202,P020,share,2024-03-11 19:02:48,SESS_37WMF,122,tablet,fashion
U203,P098,compare,2024-05-22 17:13:59,SESS_AF4GE,79,mobile,toys
U203,P002,click,2024-05-22 17:56:13,SESS_K8YE7,102,mobile,electronics
U203,P023,compare,2024-05-22 17:20:45,SESS_HHWMF,109,mobile,fashion
U203,P010,click,2024-05-22 19:14:50,SESS_042MZ,83,mobile,electronics
U203,P043,view,2024-05-22 17:59:07,SESS_X1PZG,38,desktop,books
U203,P021,review,2024-05-22 21:14:54,SESS_Y632I,74,mobile,fashion
U203,P016,click,2024-05-22 17:57:29,SESS_6TQSO,68,desktop,fashion
U203,P100,view,2024-05-23 00:08:51,SESS_HBAEO,27,desktop,toys
U204,P098,click,2024-08-03 00:07:52,SESS_Z8R2W,164,desktop,toys
U204,P083,view,2024-08-03 00:39:04,SESS_1EH8H,74,tablet,home
U204,P039,purchase,2024-08-03 01:36:30,SESS_DVJFU,291,tablet,food
U204,P098,compare,2024-08-03 02:20:07,SESS_4G8ON,270,tablet,toys
U204,P067,add_to_cart,2024-08-03 00:25:16,SESS_6I62R,155,mobile,beauty
U204,P088,add_to_cart,2024-08-03 04:06:12,SESS_2J3AY,147,tablet,toys
U204,P026,purchase,2024-08-03 01:14:40,SESS_AXHNO,134,desktop,fashion
U204,P079,purchase,2024-08-03 05:58:55,SESS_RNC02,131,mobile,home
U205,P021,view,2024-01-29 05:48:47,SESS_JC1YL,22,mobile,fashion
U205,P025,click,2024-01-29 06:30:13,SESS_9VQR2,12,mobile,fashion
U205,P001,view,2024-01-29 06:50:07,SESS_9XC5R,13,desktop,electronics
U205,P017,compare,2024-01-29 07:48:50,SESS_IZ6WQ,96,desktop,fashion
U205,P096,click,2024-01-29 06:12:59,SESS_FRRCV,103,mobile,toys
U205,P026,wishlist,2024-01-29 08:30:52,SESS_8Z8TR,74,mobile,fashion
U205,P091,share,2024-01-29 10:35:17,SESS_U6YHV,85,desktop,toys
U205,P001,compare,2024-01-29 11:16:51,SESS_0UMIF,70,mobile,electronics
U206,P023,purchase,2024-11-23 01:32:45,SESS_9UQ7R,120,mobile,fashion
U206,P095,view,2024-11-23 01:54:51,SESS_T1RKQ,33,tablet,toys
U206,P022,review,2024-11-23 02:27:23,SESS_6P9JL,61,mobile,fashion
U206,P091,click,2024-11-23 01:43:27,SESS_VNJPG,64,mobile,toys
U206,P097,add_to_cart,2024-11-23 02:14:13,SESS_UNLBN,64,desktop,toys
U206,P017,view,2024-11-23 02:32:40,SESS_QYPIC,25,desktop,fashion
U206,P073,click,2024-11-23 03:34:03,SESS_OPKLJ,120,tablet,beauty
U206,P005,purchase,2024-11-23 07:55:04,SESS_C6WO7,120,desktop,electronics
U207,P056,click,2024-10-01 01:28:53,SESS_I55JS,91,tablet,sports
U207,P003,view,2024-10-01 02:10:23,SESS_LPVR7,41,desktop,electronics
U207,P097,share,2024-10-01 02:07:41,SESS_DF891,62,mobile,toys
U207,P014,click,2024-10-01 01:40:44,SESS_RK4MK,95,desktop,electronics
U207,P025,view,2024-10-01 05:05:13,SESS_EIBKP,24,mobile,fashion
U207,P097,view,2024-10-01 01:52:28,SESS_3F0ME,12,mobile,toys
U207,P070,review,2024-10-01 05:11:23,SESS_ZOLMY,90,tablet,beauty
U207,P017,share,2024-10-01 06:27:05,SESS_HCZTG,94,mobile,fashion
U208,P072,view,2024-02-02 20:55:16,SESS_KG3FY,68,mobile,beauty
U208,P083,view,2024-02-02 21:14:21,SESS_OXAIQ,97,desktop,home
U208,P084,review,2024-02-02 21:01:42,SESS_T68LZ,204,desktop,home
U208,P064,click,2024-02-02 23:43:04,SESS_XX9PK,536,mobile,beauty
U208,P055,review,2024-02-02 21:15:12,SESS_FT2NB,225,tablet,sports
U208,P082,purchase,2024-02-02 22:02:06,SESS_QM57F,222,mobile,home
U208,P040,add_to_cart,2024-02-02 21:56:16,SESS_LUDHA,82,mobile,books
U208,P083,click,2024-02-03 02:33:01,SESS_E62N3,508,tablet,home
U209,P021,view,2024-07-04 18:54:01,SESS_CKNC7,16,tablet,fashion
U209,P059,view,2024-07-04 18:56:59,SESS_HZ8EE,23,mobile,sports
U209,P002,click,2024-07-04 19:18:15,SESS_8XEBN,61,tablet,electronics
U209,P062,share,2024-07-04 20:31:43,SESS_083RW,68,mobile,sports
U209,P010,wishlist,2024-07-04 21:42:01,SESS_7GJNX,34,mobile,electronics
U209,P038,click,2024-07-04 19:49:36,SESS_M5CFV,107,tablet,food
U209,P070,click,2024-07-04 22:38:37,SESS_KJS08,67,mobile,beauty
U209,P100,share,2024-07-05 01:20:32,SESS_GEDBT,70,mobile,toys
U210,P061,view,2024-09-24 07:58:49,SESS_QB3KB,160,tablet,sports
U210,P002,click,2024-09-24 08:42:06,SESS_WZGL5,176,desktop,electronics
U210,P047,compare,2024-09-24 09:42:59,SESS_JHQFM,268,mobile,books
U210,P046,share,2024-09-24 10:22:07,SESS_3VX4G,219,desktop,books
U210,P055,click,2024-09-24 09:21:57,SESS_KP6AS,385,desktop,sports
U210,P001,purchase,2024-09-24 08:10:54,SESS_2ANY1,470,desktop,electronics
U210,P004,compare,2024-09-24 11:08:19,SESS_RW6OW,227,mobile,electronics
U210,P070,add_to_cart,2024-09-24 09:34:08,SESS_QRLG6,410,mobile,beauty
U211,P065,view,2024-12-10 00:27:42,SESS_EXU7F,78,mobile,beauty
U211,P079,view,2024-12-10 01:09:04,SESS_L1ZOP,89,desktop,home
U211,P078,review,2024-12-10 02:08:22,SESS_K1GPC,325,desktop,home
U211,P072,add_to_cart,2024-12-10 01:10:30,SESS_HDX1B,339,desktop,beauty
U211,P051,review,2024-12-10 00:49:14,SESS_3D4D3,138,desktop,books
U211,P065,review,2024-12-10 03:36:22,SESS_FPPRO,68,mobile,beauty
U211,P069,purchase,2024-12-10 04:13:42,SESS_CLLE4,120,mobile,beauty
U211,P072,share,2024-12-10 04:32:35,SESS_PSILL,457,desktop,beauty
U212,P027,view,2024-12-03 23:00:13,SESS_0HXEF,64,mobile,fashion
U212,P004,view,2024-12-03 23:22:04,SESS_YBFJH,12,mobile,electronics
U212,P097,wishlist,2024-12-04 00:37:47,SESS_5D5Q3,57,mobile,toys
U212,P092,click,2024-12-04 00:51:04,SESS_DFZDT,12,mobile,toys
U212,P016,wishlist,2024-12-04 02:27:41,SESS_GAA70,74,mobile,fashion
U212,P014,view,2024-12-04 00:54:58,SESS_WLGIT,20,mobile,electronics
U212,P024,add_to_cart,2024-12-04 01:57:19,SESS_4WXUW,12,mobile,fashion
U212,P018,wishlist,2024-12-04 05:08:32,SESS_PII49,31,tablet,fashion
U213,P004,purchase,2024-12-12 18:57:39,SESS_6CMEW,397,tablet,electronics
U213,P078,view,2024-12-12 19:05:48,SESS_IT8D9,72,mobile,home
U213,P004,share,2024-12-12 20:37:31,SESS_VDTS8,417,tablet,electronics
U213,P075,review,2024-12-12 20:48:51,SESS_RZ17A,553,desktop,beauty
U213,P007,wishlist,2024-12-12 22:19:07,SESS_NUA6T,162,tablet,electronics
U213,P041,purchase,2024-12-12 21:42:04,SESS_V8E7Z,300,tablet,books
U213,P074,add_to_cart,2024-12-12 23:47:21,SESS_KXGY9,214,desktop,beauty
U213,P070,purchase,2024-12-13 01:09:35,SESS_G5UDL,224,desktop,beauty
U214,P033,view,2024-08-07 14:52:58,SESS_JPW10,116,mobile,food
U214,P008,view,2024-08-07 15:26:24,SESS_FWP9K,108,desktop,electronics
U214,P076,purchase,2024-08-07 16:10:30,SESS_2QYRU,471,desktop,home
U214,P080,view,2024-08-07 16:40:13,SESS_GVSKO,75,mobile,home
U214,P069,click,2024-08-07 18:17:06,SESS_U3DN1,88,mobile,beauty
U214,P066,wishlist,2024-08-07 17:53:38,SESS_35LG4,92,mobile,beauty
U214,P076,purchase,2024-08-07 16:57:40,SESS_T6ATJ,546,mobile,home
U214,P001,purchase,2024-08-07 19:17:48,SESS_UGXBR,461,tablet,electronics
U215,P005,wishlist,2024-08-28 08:08:26,SESS_9TO5A,348,desktop,electronics
U215,P001,view,2024-08-28 08:55:49,SESS_MOYD5,169,desktop,electronics
U215,P045,add_to_cart,2024-08-28 08:23:40,SESS_U1GPT,270,desktop,books
U215,P059,compare,2024-08-28 08:15:23,SESS_XTF52,135,mobile,sports
U215,P081,compare,2024-08-28 08:45:58,SESS_BJK8J,427,desktop,home
U215,P005,compare,2024-08-28 10:37:26,SESS_U73NK,139,desktop,electronics
U215,P029,wishlist,2024-08-28 10:35:20,SESS_WPRLP,211,mobile,food
U215,P025,view,2024-08-28 10:08:08,SESS_HWXPB,151,desktop,fashion
U216,P100,view,2024-04-27 21:30:52,SESS_IPG43,64,mobile,toys
U216,P030,view,2024-04-27 22:21:36,SESS_MDZ5V,30,desktop,food
U216,P090,compare,2024-04-27 21:42:08,SESS_72I2F,178,mobile,toys
U216,P084,purchase,2024-04-28 00:03:40,SESS_IMLYT,163,mobile,home
U216,P038,wishlist,2024-04-27 22:13:04,SESS_ZLO9L,218,desktop,food
U216,P033,share,2024-04-28 00:36:27,SESS_4BLDQ,187,mobile,food
U216,P086,add_to_cart,2024-04-28 02:53:10,SESS_FPT00,87,tablet,home
U216,P021,purchase,2024-04-28 03:13:24,SESS_3UHK6,172,mobile,fashion
U217,P004,view,2024-07-17 06:37:31,SESS_P5CH3,38,tablet,electronics
U217,P076,click,2024-07-17 07:13:03,SESS_TG6C2,66,mobile,home
U217,P024,click,2024-07-17 07:22:39,SESS_YLEYO,111,desktop,fashion
U217,P047,review,2024-07-17 09:21:07,SESS_SDUDP,90,mobile,books
U217,P023,view,2024-07-17 08:52:19,SESS_PNF3V,9,tablet,fashion
U217,P018,click,2024-07-17 09:58:56,SESS_JN2J6,11,desktop,fashion
U217,P012,view,2024-07-17 07:03:13,SESS_TTRUT,19,tablet,electronics
U217,P018,view,2024-07-17 07:25:07,SESS_TOS6G,23,mobile,fashion
U218,P061,add_to_cart,2024-07-18 20:25:03,SESS_Y0UPU,309,tablet,sports
U218,P074,click,2024-07-18 20:49:50,SESS_1ESEV,211,mobile,beauty
U218,P059,compare,2024-07-18 21:50:13,SESS_XXWCE,390,desktop,sports
U218,P015,view,2024-07-18 20:30:57,SESS_71T6J,141,tablet,electronics
U218,P046,wishlist,2024-07-18 21:12:39,SESS_SOSC0,446,mobile,books
U218,P013,share,2024-07-18 23:33:03,SESS_ECI9R,395,mobile,electronics
U218,P073,view,2024-07-19 02:07:21,SESS_A2X54,156,desktop,beauty
U218,P047,share,2024-07-18 20:54:27,SESS_NF57V,233,tablet,books
U219,P075,click,2024-08-31 21:25:21,SESS_AZ8A4,386,mobile,beauty
U219,P012,click,2024-08-31 21:34:40,SESS_U2CI4,188,tablet,electronics
U219,P054,purchase,2024-08-31 22:10:21,SESS_MIPUY,287,tablet,sports
U219,P016,click,2024-08-31 21:40:48,SESS_5KZHC,411,tablet,fashion
U219,P091,add_to_cart,2024-08-31 23:19:05,SESS_FPHMZ,470,desktop,toys
U219,P013,purchase,2024-09-01 01:30:41,SESS_AML51,340,mobile,electronics
U219,P083,wishlist,2024-08-31 22:06:33,SESS_X43IR,250,desktop,home
U219,P017,purchase,2024-08-31 23:29:57,SESS_OYBES,242,desktop,fashion
U220,P086,view,2024-01-11 22:35:30,SESS_MIGC3,21,mobile,home
U220,P077,view,2024-01-11 22:43:39,SESS_WZ8L6,26,mobile,home
U220,P058,share,2024-01-11 22:43:20,SESS_98BYT,22,mobile,sports
U220,P018,click,2024-01-11 23:21:12,SESS_P7SDW,91,mobile,fashion
U220,P091,click,2024-01-12 02:16:22,SESS_HAO2P,56,mobile,toys
U220,P010,view,2024-01-12 01:33:05,SESS_T47S1,60,mobile,electronics
U220,P027,view,2024-01-12 04:22:00,SESS_1T6ER,34,mobile,fashion
U220,P094,wishlist,2024-01-12 03:10:01,SESS_92143,104,desktop,toys
U221,P025,click,2024-03-19 20:58:59,SESS_6SHQX,101,tablet,fashion
U221,P019,click,2024-03-19 21:51:55,SESS_RAJIA,13,mobile,fashion
U221,P067,wishlist,2024-03-19 22:27:55,SESS_58GEE,77,desktop,beauty
U221,P053,review,2024-03-19 21:36:50,SESS_5IDBX,175,mobile,sports
U221,P065,view,2024-03-20 00:16:07,SESS_YY4JU,20,mobile,beauty
U221,P048,review,2024-03-19 21:24:14,SESS_WZL87,96,desktop,books
U221,P064,review,2024-03-20 02:06:11,SESS_UFOJ7,164,mobile,beauty
U221,P023,share,2024-03-20 03:25:02,SESS_FKJ6X,64,mobile,fashion
U222,P001,view,2024-07-26 05:13:38,SESS_SDNBA,39,mobile,electronics
U222,P001,share,2024-07-26 05:24:58,SESS_2BM2O,107,mobile,electronics
U222,P093,view,2024-07-26 06:29:52,SESS_VAQVB,11,mobile,toys
U222,P088,view,2024-07-26 06:51:05,SESS_HQG2X,15,mobile,toys
U222,P094,click,2024-07-26 08:40:34,SESS_S5XRG,8,tablet,toys
U222,P100,view,2024-07-26 07:37:43,SESS_29DG3,9,mobile,toys
U222,P020,view,2024-07-26 05:41:38,SESS_9FIK4,64,tablet,fashion
U222,P002,add_to_cart,2024-07-26 05:27:59,SESS_FG6JC,98,tablet,electronics
U223,P012,wishlist,2024-01-07 14:36:57,SESS_45NAY,335,desktop,electronics
U223,P043,share,2024-01-07 15:10:03,SESS_OXVKU,466,mobile,books
U223,P073,review,2024-01-07 14:54:13,SESS_NEDYL,394,desktop,beauty
U223,P034,review,2024-01-07 16:02:48,SESS_9Z025,250,desktop,food
U223,P062,purchase,2024-01-07 15:39:21,SESS_Q96SJ,353,desktop,sports
U223,P047,compare,2024-01-07 17:52:12,SESS_99DBK,410,mobile,books
U223,P040,share,2024-01-07 19:44:45,SESS_0T369,321,desktop,books
U223,P031,compare,2024-01-07 16:33:58,SESS_KJPQ8,378,mobile,food
U224,P022,view,2024-07-23 23:18:14,SESS_4G9H0,48,tablet,fashion
U224,P006,share,2024-07-23 23:19:20,SESS_51AAT,53,mobile,electronics
U224,P094,click,2024-07-24 00:41:16,SESS_EASU2,16,mobile,toys
U224,P001,click,2024-07-24 02:16:29,SESS_4N1W3,22,desktop,electronics
U224,P027,share,2024-07-24 02:26:02,SESS_T100W,54,mobile,fashion
U224,P068,click,2024-07-24 04:10:49,SESS_875TR,38,mobile,beauty
U224,P015,click,2024-07-24 05:08:44,SESS_9SYIE,17,desktop,electronics
U224,P017,share,2024-07-24 03:35:15,SESS_5LXTN,38,mobile,fashion
U225,P054,compare,2024-08-10 15:49:59,SESS_W2XCH,108,mobile,sports
U225,P008,view,2024-08-10 16:30:13,SESS_VJUZ5,32,mobile,electronics
U225,P016,click,2024-08-10 16:28:25,SESS_5Z3ZT,16,desktop,fashion
U225,P011,view,2024-08-10 17:24:26,SESS_V18F6,14,mobile,electronics
U225,P008,view,2024-08-10 17:22:39,SESS_6Q2M8,31,mobile,electronics
U225,P045,compare,2024-08-10 16:00:54,SESS_ADW9U,68,mobile,books
U225,P089,add_to_cart,2024-08-10 16:24:23,SESS_W29MA,90,tablet,toys
U225,P001,click,2024-08-10 17:19:35,SESS_HJOBE,36,mobile,electronics
U226,P066,view,2024-01-12 12:07:20,SESS_U9WCD,61,desktop,beauty
U226,P075,view,2024-01-12 12:42:18,SESS_0PL81,106,tablet,beauty
U226,P058,purchase,2024-01-12 12:51:02,SESS_X69PH,444,mobile,sports
U226,P002,purchase,2024-01-12 13:18:29,SESS_INZ29,494,desktop,electronics
U226,P055,add_to_cart,2024-01-12 14:06:28,SESS_C9TFL,163,desktop,sports
U226,P086,compare,2024-01-12 14:26:50,SESS_QAOP3,419,tablet,home
U226,P030,purchase,2024-01-12 12:44:38,SESS_8WP94,346,desktop,food
U226,P059,purchase,2024-01-12 12:52:43,SESS_XUXNB,597,mobile,sports
U227,P078,view,2024-07-13 09:54:59,SESS_53LLP,107,desktop,home
U227,P003,view,2024-07-13 10:49:57,SESS_W4V1F,76,desktop,electronics
U227,P086,purchase,2024-07-13 11:46:21,SESS_K31DZ,372,desktop,home
U227,P009,view,2024-07-13 10:48:59,SESS_AYIIY,110,mobile,electronics
U227,P039,view,2024-07-13 12:20:03,SESS_J2T9O,115,desktop,food
U227,P014,add_to_cart,2024-07-13 10:14:54,SESS_GF5LX,345,mobile,electronics
U227,P040,add_to_cart,2024-07-13 12:45:23,SESS_BW8P3,305,desktop,books
U227,P074,review,2024-07-13 13:05:58,SESS_BCF9H,517,desktop,beauty
U228,P002,view,2024-08-22 17:19:50,SESS_BAK73,135,mobile,electronics
U228,P053,click,2024-08-22 17:52:41,SESS_1TB05,318,tablet,sports
U228,P011,compare,2024-08-22 19:04:24,SESS_9ZJUK,445,desktop,electronics
U228,P015,view,2024-08-22 17:47:29,SESS_C8MMF,127,mobile,electronics
U228,P096,compare,2024-08-22 19:32:34,SESS_EQ1ZQ,332,mobile,toys
U228,P060,click,2024-08-22 20:54:55,SESS_Q4EHV,421,desktop,sports
U228,P008,compare,2024-08-22 21:05:08,SESS_HMIQP,174,tablet,electronics
U228,P009,view,2024-08-22 23:12:10,SESS_ZNM5S,120,mobile,electronics
U229,P004,review,2024-12-03 03:31:34,SESS_F3OB9,98,desktop,electronics
U229,P023,view,2024-12-03 04:18:03,SESS_QOPYC,44,desktop,fashion
U229,P027,wishlist,2024-12-03 03:52:56,SESS_DBEOK,23,mobile,fashion
U229,P004,view,2024-12-03 03:44:04,SESS_98X16,15,mobile,electronics
U229,P099,view,2024-12-03 06:02:30,SESS_5UK4S,19,mobile,toys
U229,P012,click,2024-12-03 08:12:49,SESS_33LIF,52,tablet,electronics
U229,P093,wishlist,2024-12-03 08:30:04,SESS_TNKZI,90,tablet,toys
U229,P019,click,2024-12-03 04:21:51,SESS_DL35J,68,mobile,fashion
U230,P034,wishlist,2024-03-01 09:04:03,SESS_LIM06,38,mobile,food
U230,P095,view,2024-03-01 09:11:46,SESS_EV1RD,33,mobile,toys
U230,P028,share,2024-03-01 10:56:55,SESS_VF0AK,84,mobile,food
U230,P068,wishlist,2024-03-01 10:41:45,SESS_QBCDQ,25,tablet,beauty
U230,P070,share,2024-03-01 12:34:07,SESS_XTXIX,25,mobile,beauty
U230,P067,review,2024-03-01 13:33:58,SESS_GP34S,143,desktop,beauty
U230,P064,purchase,2024-03-01 10:20:45,SESS_L1OT9,177,mobile,beauty
U230,P064,wishlist,2024-03-01 12:35:48,SESS_JAXNH,132,tablet,beauty
U231,P067,click,2024-10-01 08:11:19,SESS_RYME6,120,desktop,beauty
U231,P007,share,2024-10-01 08:59:41,SESS_BJ7SO,183,mobile,electronics
U231,P069,share,2024-10-01 08:48:45,SESS_A2Y7V,47,mobile,beauty
U231,P029,compare,2024-10-01 09:21:19,SESS_VQ81L,142,mobile,food
U231,P072,wishlist,2024-10-01 10:21:47,SESS_RMJPC,190,tablet,beauty
U231,P032,add_to_cart,2024-10-01 09:18:04,SESS_R40E0,56,mobile,food
U231,P030,review,2024-10-01 09:00:49,SESS_143XR,90,tablet,food
U231,P016,share,2024-10-01 09:33:34,SESS_WTEJT,157,mobile,fashion
U232,P085,view,2024-03-09 05:50:32,SESS_4GBGO,41,desktop,home
U232,P018,click,2024-03-09 06:09:52,SESS_RCPAC,64,tablet,fashion
U232,P041,click,2024-03-09 06:19:00,SESS_Q25Y7,42,mobile,books
U232,P023,view,2024-03-09 06:50:47,SESS_NIE3F,22,desktop,fashion
U232,P015,click,2024-03-09 08:21:56,SESS_IU01L,12,mobile,electronics
U232,P097,wishlist,2024-03-09 09:03:12,SESS_LZHVE,94,mobile,toys
U232,P036,review,2024-03-09 07:02:02,SESS_6ENMB,109,mobile,food
U232,P014,click,2024-03-09 09:18:05,SESS_QX3QF,87,mobile,electronics
U233,P099,click,2024-08-16 09:36:07,SESS_A0STK,31,mobile,toys
U233,P082,wishlist,2024-08-16 09:38:35,SESS_GTX7U,117,desktop,home
U233,P033,wishlist,2024-08-16 10:18:57,SESS_5IBJU,47,desktop,food
U233,P033,compare,2024-08-16 10:29:43,SESS_HAGMB,267,mobile,food
U233,P081,review,2024-08-16 09:56:19,SESS_E5IML,243,desktop,home
U233,P085,purchase,2024-08-16 12:50:17,SESS_3K2W1,182,mobile,home
U233,P034,share,2024-08-16 13:44:37,SESS_PATM0,148,mobile,food
U233,P056,click,2024-08-16 14:20:05,SESS_C21O6,98,tablet,sports
U234,P079,view,2024-04-04 06:22:41,SESS_LNF6N,43,desktop,home
U234,P010,view,2024-04-04 06:54:16,SESS_M9DEO,9,desktop,electronics
U234,P019,wishlist,2024-04-04 06:42:09,SESS_74JLY,70,desktop,fashion
U234,P017,share,2024-04-04 06:54:44,SESS_Z6PQ1,8,mobile,fashion
U234,P099,share,2024-04-04 07:40:01,SESS_LECFD,50,desktop,toys
U234,P064,click,2024-04-04 08:00:06,SESS_H1DXK,90,tablet,beauty
U234,P023,share,2024-04-04 09:37:29,SESS_WJVEY,37,tablet,fashion
U234,P009,click,2024-04-04 12:08:01,SESS_3WYZT,19,mobile,electronics
U235,P059,click,2024-01-03 21:11:36,SESS_RNU85,207,desktop,sports
U235,P081,view,2024-01-03 21:54:45,SESS_7FQTK,147,desktop,home
U235,P074,wishlist,2024-01-03 23:00:40,SESS_MSG0G,284,desktop,beauty
U235,P090,purchase,2024-01-03 21:49:48,SESS_ASOEV,206,desktop,toys
U235,P075,add_to_cart,2024-01-04 00:50:08,SESS_VGFGM,174,desktop,beauty
U235,P062,share,2024-01-04 01:34:56,SESS_5KGOV,248,tablet,sports
U235,P042,compare,2024-01-03 22:58:12,SESS_7DUGA,126,desktop,books
U235,P003,compare,2024-01-04 00:50:28,SESS_BOA76,146,tablet,electronics
U236,P080,click,2024-03-16 10:07:28,SESS_ZWB1U,311,desktop,home
U236,P066,view,2024-03-16 10:28:48,SESS_4D8H4,104,mobile,beauty
U236,P035,add_to_cart,2024-03-16 10:14:32,SESS_LKDYP,116,desktop,food
U236,P007,click,2024-03-16 12:35:34,SESS_S7AUI,237,mobile,electronics
U236,P082,purchase,2024-03-16 14:05:32,SESS_IE952,178,mobile,home
U236,P056,review,2024-03-16 12:40:58,SESS_K7ZOJ,354,mobile,sports
U236,P090,purchase,2024-03-16 14:43:10,SESS_6SRP7,136,desktop,toys
U236,P085,purchase,2024-03-16 15:12:26,SESS_9353R,559,desktop,home
U237,P014,wishlist,2024-06-20 09:57:45,SESS_WGKG5,353,desktop,electronics
U237,P080,view,2024-06-20 10:32:37,SESS_GJPMH,112,desktop,home
U237,P064,click,2024-06-20 10:39:47,SESS_1NI4E,102,mobile,beauty
U237,P009,add_to_cart,2024-06-20 12:25:21,SESS_JX9AM,572,tablet,electronics
U237,P083,purchase,2024-06-20 11:14:53,SESS_GOKLV,128,tablet,home
U237,P008,purchase,2024-06-20 11:32:05,SESS_YBRXO,168,mobile,electronics
U237,P068,purchase,2024-06-20 13:10:57,SESS_B0C14,558,desktop,beauty
U237,P083,add_to_cart,2024-06-20 13:10:01,SESS_1O762,436,desktop,home
U238,P039,click,2024-02-03 20:05:27,SESS_7FRZU,38,mobile,food
U238,P064,click,2024-02-03 20:50:48,SESS_4UA9N,119,mobile,beauty
U238,P051,click,2024-02-03 20:43:53,SESS_6VIAR,122,mobile,books
U238,P071,review,2024-02-03 20:33:03,SESS_TE0P5,181,tablet,beauty
U238,P025,view,2024-02-03 22:29:11,SESS_QXPH1,53,mobile,fashion
U238,P083,share,2024-02-03 23:25:52,SESS_OK3ZY,138,desktop,home
U238,P012,share,2024-02-04 01:38:33,SESS_9LAYK,45,mobile,electronics
U238,P064,wishlist,2024-02-04 03:01:43,SESS_U11TO,195,mobile,beauty
U239,P013,view,2024-03-20 23:25:56,SESS_F7Y5R,120,tablet,electronics
U239,P073,view,2024-03-21 00:05:36,SESS_37RUP,80,tablet,beauty
U239,P047,view,2024-03-21 01:08:36,SESS_6AP3V,70,desktop,books
U239,P004,purchase,2024-03-21 01:30:02,SESS_T8I5Y,241,tablet,electronics
U239,P073,purchase,2024-03-21 00:00:44,SESS_K1VPA,314,desktop,beauty
U239,P084,purchase,2024-03-20 23:31:36,SESS_N9T8J,407,tablet,home
U239,P062,review,2024-03-21 05:04:20,SESS_BF5Y0,537,desktop,sports
U239,P084,review,2024-03-20 23:35:30,SESS_NNXXY,411,tablet,home
U240,P002,view,2024-12-01 10:14:37,SESS_J17X6,101,desktop,electronics
U240,P008,add_to_cart,2024-12-01 10:23:25,SESS_R79OK,516,tablet,electronics
U240,P074,purchase,2024-12-01 11:27:17,SESS_X54QO,390,mobile,beauty
U240,P038,review,2024-12-01 11:18:13,SESS_34L8X,79,desktop,food
U240,P073,compare,2024-12-01 12:52:53,SESS_GXWDP,62,desktop,beauty
U240,P012,purchase,2024-12-01 12:30:57,SESS_4GROA,136,desktop,electronics
U240,P049,add_to_cart,2024-12-01 10:43:49,SESS_W29PY,330,mobile,books
U240,P070,purchase,2024-12-01 11:49:28,SESS_XMS3R,123,mobile,beauty
U241,P098,view,2024-10-16 20:45:12,SESS_XNOAD,64,mobile,toys
U241,P019,view,2024-10-16 21:23:50,SESS_6UO3Z,20,desktop,fashion
U241,P016,view,2024-10-16 22:30:10,SESS_KNE1Y,7,mobile,fashion
U241,P020,click,2024-10-16 21:04:24,SESS_Z322K,7,tablet,fashion
U241,P060,click,2024-10-16 21:21:36,SESS_MZQRS,40,tablet,sports
U241,P004,compare,2024-10-16 22:08:57,SESS_PN3VW,93,mobile,electronics
U241,P006,click,2024-10-17 00:43:24,SESS_384XG,100,mobile,electronics
U241,P096,click,2024-10-16 22:11:25,SESS_8UENO,63,tablet,toys
U242,P007,click,2024-06-07 12:31:35,SESS_68XF6,428,desktop,electronics
U242,P043,view,2024-06-07 13:10:19,SESS_05OSZ,148,desktop,books
U242,P001,click,2024-06-07 13:07:17,SESS_JGS5J,431,tablet,electronics
U242,P049,wishlist,2024-06-07 13:13:23,SESS_9VFEA,122,tablet,books
U242,P050,compare,2024-06-07 15:46:15,SESS_QO407,276,desktop,books
U242,P044,compare,2024-06-07 15:49:05,SESS_CKASU,284,mobile,books
U242,P059,click,2024-06-07 16:39:47,SESS_WPLYK,500,desktop,sports
U242,P032,compare,2024-06-07 15:15:58,SESS_WZFSI,238,mobile,food
U243,P037,share,2024-06-14 16:26:38,SESS_6O6U9,47,desktop,food
U243,P084,view,2024-06-14 16:27:55,SESS_DXI7Q,56,mobile,home
U243,P085,add_to_cart,2024-06-14 17:34:12,SESS_F16X1,33,mobile,home
U243,P059,add_to_cart,2024-06-14 18:55:11,SESS_FICGX,191,tablet,sports
U243,P035,add_to_cart,2024-06-14 17:24:14,SESS_XC9MI,74,desktop,food
U243,P028,add_to_cart,2024-06-14 18:25:28,SESS_30V0V,294,mobile,food
U243,P031,add_to_cart,2024-06-14 17:47:56,SESS_34L4K,30,desktop,food
U243,P035,wishlist,2024-06-14 20:49:01,SESS_OEI97,32,desktop,food
U244,P065,add_to_cart,2024-05-04 19:13:29,SESS_B7U2M,554,desktop,beauty
U244,P036,click,2024-05-04 19:19:50,SESS_JN8B3,422,desktop,food
U244,P075,view,2024-05-04 20:56:03,SESS_3L4JZ,99,desktop,beauty
U244,P074,view,2024-05-04 20:38:02,SESS_BRRBA,75,tablet,beauty
U244,P057,review,2024-05-04 19:49:29,SESS_T99I7,213,mobile,sports
U244,P011,add_to_cart,2024-05-04 21:29:04,SESS_OF70I,440,tablet,electronics
U244,P086,share,2024-05-04 23:36:47,SESS_80XTA,461,desktop,home
U244,P077,compare,2024-05-04 22:23:04,SESS_KPV50,410,desktop,home
U245,P092,view,2024-01-22 13:14:21,SESS_SSB1P,7,mobile,toys
U245,P088,click,2024-01-22 13:18:09,SESS_9ZVWT,97,tablet,toys
U245,P019,view,2024-01-22 13:43:35,SESS_Y63ND,39,mobile,fashion
U245,P006,view,2024-01-22 14:39:06,SESS_IXEXB,34,desktop,electronics
U245,P003,view,2024-01-22 14:20:01,SESS_VQARJ,50,mobile,electronics
U245,P100,view,2024-01-22 16:20:51,SESS_YYEXH,33,desktop,toys
U245,P089,wishlist,2024-01-22 17:14:45,SESS_MIJ5R,54,tablet,toys
U245,P018,view,2024-01-22 18:57:14,SESS_1NAIA,52,mobile,fashion
U246,P008,purchase,2024-04-26 23:27:05,SESS_A6SB7,146,desktop,electronics
U246,P004,click,2024-04-26 23:28:39,SESS_NETXX,339,desktop,electronics
U246,P061,view,2024-04-27 01:26:25,SESS_HBEF2,135,desktop,sports
U246,P040,share,2024-04-27 00:39:29,SESS_FH71U,476,desktop,books
U246,P049,share,2024-04-27 00:22:01,SESS_8BWTB,357,desktop,books
U246,P092,compare,2024-04-27 01:00:00,SESS_39VEL,405,tablet,toys
U246,P015,wishlist,2024-04-27 03:03:29,SESS_DUWET,319,desktop,electronics
U246,P044,compare,2024-04-27 06:17:59,SESS_KL9FG,471,desktop,books
U247,P027,click,2024-08-27 10:29:07,SESS_I3DPF,74,mobile,fashion
U247,P023,wishlist,2024-08-27 10:40:38,SESS_16OEM,13,mobile,fashion
U247,P006,compare,2024-08-27 12:04:03,SESS_APYWD,91,tablet,electronics
U247,P006,click,2024-08-27 12:29:16,SESS_CEJCI,46,mobile,electronics
U247,P012,click,2024-08-27 11:45:15,SESS_0ND3Y,64,mobile,electronics
U247,P017,click,2024-08-27 14:45:02,SESS_CXSUO,100,tablet,fashion
U247,P085,view,2024-08-27 12:50:19,SESS_NEI5Z,36,mobile,home
U247,P022,click,2024-08-27 10:39:23,SESS_NQ189,93,mobile,fashion
U248,P079,wishlist,2024-10-10 21:45:16,SESS_XUFVP,307,mobile,home
U248,P039,click,2024-10-10 22:33:57,SESS_R2EU4,356,mobile,food
U248,P066,add_to_cart,2024-10-10 23:31:26,SESS_FO28N,251,mobile,beauty
U248,P010,share,2024-10-10 22:20:55,SESS_ITMFE,246,mobile,electronics
U248,P064,view,2024-10-11 00:37:40,SESS_G1GKE,79,desktop,beauty
U248,P072,add_to_cart,2024-10-11 01:17:46,SESS_AYLLD,335,desktop,beauty
U248,P076,share,2024-10-11 00:52:28,SESS_LUVCT,286,mobile,home
U248,P080,compare,2024-10-10 23:34:14,SESS_YG190,214,tablet,home
U249,P002,click,2024-06-30 12:51:04,SESS_S88OK,549,mobile,electronics
U249,P004,click,2024-06-30 12:55:38,SESS_I2MLW,371,mobile,electronics
U249,P064,purchase,2024-06-30 14:41:04,SESS_Z0ERA,451,tablet,beauty
U249,P084,click,2024-06-30 14:26:55,SESS_PN74P,223,mobile,home
U249,P070,click,2024-06-30 15:13:52,SESS_XM43O,328,tablet,beauty
U249,P061,purchase,2024-06-30 14:43:34,SESS_VXHSH,420,desktop,sports
U249,P087,purchase,2024-06-30 16:38:52,SESS_Z4VCV,481,desktop,home
U249,P073,review,2024-06-30 19:26:55,SESS_L5V2H,486,desktop,beauty
U250,P067,compare,2024-03-25 01:43:24,SESS_6DDZV,136,desktop,beauty
U250,P073,view,2024-03-25 02:07:34,SESS_IAZGQ,107,desktop,beauty
U250,P030,share,2024-03-25 03:36:52,SESS_VT67K,225,desktop,food
U250,P089,review,2024-03-25 04:24:57,SESS_SF8HS,554,mobile,toys
U250,P077,add_to_cart,2024-03-25 02:00:52,SESS_NC0ZJ,438,desktop,home
U250,P073,purchase,2024-03-25 03:20:54,SESS_O1LPP,257,desktop,beauty
U250,P050,purchase,2024-03-25 01:50:54,SESS_44QH2,145,tablet,books
U250,P007,click,2024-03-25 05:01:51,SESS_EDL60,578,desktop,electronics
U251,P094,view,2024-07-12 21:27:40,SESS_15M9G,35,mobile,toys
U251,P007,click,2024-07-12 21:51:42,SESS_S334K,12,mobile,electronics
U251,P020,view,2024-07-12 21:50:40,SESS_GJKCS,44,mobile,fashion
U251,P013,share,2024-07-12 22:11:58,SESS_HOTPS,34,tablet,electronics
U251,P012,view,2024-07-12 21:37:04,SESS_8OBW3,22,mobile,electronics
U251,P094,view,2024-07-12 21:48:05,SESS_2LBWT,6,tablet,toys
U251,P063,view,2024-07-12 23:23:52,SESS_YA1W3,35,mobile,sports
U251,P090,wishlist,2024-07-13 00:15:26,SESS_9TDNV,72,mobile,toys
U252,P082,add_to_cart,2024-01-17 09:40:50,SESS_KS9UR,288,desktop,home
U252,P085,wishlist,2024-01-17 10:33:48,SESS_TF9AZ,316,mobile,home
U252,P013,click,2024-01-17 09:55:06,SESS_MT9FS,77,desktop,electronics
U252,P028,click,2024-01-17 11:39:14,SESS_0XQTQ,434,tablet,food
U252,P077,purchase,2024-01-17 11:40:58,SESS_09YZH,376,desktop,home
U252,P074,purchase,2024-01-17 12:01:05,SESS_Z3JUF,451,desktop,beauty
U252,P076,review,2024-01-17 12:14:26,SESS_0NWKQ,552,mobile,home
U252,P014,compare,2024-01-17 11:19:46,SESS_ZNGVX,148,desktop,electronics
U253,P023,click,2024-07-24 16:31:09,SESS_KFNNM,189,mobile,fashion
U253,P034,share,2024-07-24 16:48:13,SESS_E0HRQ,287,tablet,food
U253,P030,add_to_cart,2024-07-24 18:05:53,SESS_3CZ29,191,tablet,food
U253,P088,purchase,2024-07-24 18:27:12,SESS_KQQLJ,280,desktop,toys
U253,P081,add_to_cart,2024-07-24 18:58:25,SESS_C35TY,261,desktop,home
U253,P033,purchase,2024-07-24 18:25:29,SESS_RCUN9,280,mobile,food
U253,P091,purchase,2024-07-24 20:22:33,SESS_SOS58,295,mobile,toys
U253,P037,purchase,2024-07-24 17:30:04,SESS_G72VW,205,desktop,food
U254,P015,click,2024-11-09 12:23:46,SESS_TX42D,197,tablet,electronics
U254,P076,share,2024-11-09 12:51:15,SESS_Z4V5B,195,mobile,home
U254,P034,purchase,2024-11-09 12:57:18,SESS_I6S7P,275,desktop,food
U254,P004,purchase,2024-11-09 12:35:49,SESS_PLSOS,493,tablet,electronics
U254,P045,add_to_cart,2024-11-09 14:29:34,SESS_ARIDG,283,mobile,books
U254,P064,wishlist,2024-11-09 16:50:46,SESS_LYBED,549,desktop,beauty
U254,P067,purchase,2024-11-09 17:20:52,SESS_3JL9T,173,tablet,beauty
U254,P083,compare,2024-11-09 17:42:02,SESS_7DFIX,390,tablet,home
U255,P021,click,2024-07-27 01:35:26,SESS_31V0U,61,tablet,fashion
U255,P024,view,2024-07-27 01:46:08,SESS_I92WM,37,mobile,fashion
U255,P025,review,2024-07-27 01:40:48,SESS_693P4,79,tablet,fashion
U255,P003,click,2024-07-27 03:16:41,SESS_HRX5M,68,mobile,electronics
U255,P037,compare,2024-07-27 04:42:10,SESS_FPDOU,107,mobile,food
U255,P089,click,2024-07-27 03:46:06,SESS_7XX9I,27,mobile,toys
U255,P093,view,2024-07-27 04:03:32,SESS_WJIPO,65,mobile,toys
U255,P022,wishlist,2024-07-27 07:21:14,SESS_JGE0U,74,mobile,fashion
U256,P097,view,2024-08-31 13:06:12,SESS_PM86C,47,mobile,toys
U256,P011,wishlist,2024-08-31 13:26:46,SESS_6D2KJ,66,mobile,electronics
U256,P060,view,2024-08-31 14:14:40,SESS_3K0E3,60,mobile,sports
U256,P098,compare,2024-08-31 13:50:24,SESS_1BF8W,119,desktop,toys
U256,P097,click,2024-08-31 16:53:52,SESS_GUGNQ,81,desktop,toys
U256,P082,compare,2024-08-31 13:11:42,SESS_FLOIG,120,tablet,home
U256,P003,add_to_cart,2024-08-31 14:42:18,SESS_JVB6H,61,tablet,electronics
U256,P023,click,2024-08-31 19:06:56,SESS_ARQCF,43,mobile,fashion
U257,P066,view,2024-04-16 13:06:25,SESS_4CKOM,116,desktop,beauty
U257,P076,view,2024-04-16 13:33:36,SESS_I1NCV,108,desktop,home
U257,P085,purchase,2024-04-16 13:57:01,SESS_UFGYN,570,mobile,home
U257,P064,view,2024-04-16 16:05:10,SESS_87TAG,111,desktop,beauty
U257,P067,review,2024-04-16 16:43:53,SESS_827JT,552,mobile,beauty
U257,P067,purchase,2024-04-16 14:54:00,SESS_QIIJN,313,desktop,beauty
U257,P086,purchase,2024-04-16 17:10:01,SESS_3FDJ2,354,desktop,home
U257,P079,click,2024-04-16 18:42:11,SESS_AALIR,505,desktop,home
U258,P084,view,2024-01-21 02:30:29,SESS_0T8DH,65,desktop,home
U258,P055,click,2024-01-21 03:07:59,SESS_OW8A2,139,desktop,sports
U258,P074,add_to_cart,2024-01-21 03:44:05,SESS_LKLQB,62,mobile,beauty
U258,P074,click,2024-01-21 05:19:05,SESS_ZNJZH,473,mobile,beauty
U258,P003,compare,2024-01-21 04:32:21,SESS_59YMZ,394,tablet,electronics
U258,P087,click,2024-01-21 04:14:09,SESS_2AOBL,322,desktop,home
U258,P001,click,2024-01-21 08:28:41,SESS_O6H0F,198,tablet,electronics
U258,P006,add_to_cart,2024-01-21 07:17:57,SESS_EXBNX,157,tablet,electronics
U259,P041,add_to_cart,2024-10-21 04:29:22,SESS_THUGX,306,mobile,books
U259,P043,view,2024-10-21 05:20:24,SESS_VM4YL,133,desktop,books
U259,P013,compare,2024-10-21 05:54:34,SESS_P2GVP,218,desktop,electronics
U259,P067,wishlist,2024-10-21 06:05:16,SESS_WR63J,413,desktop,beauty
U259,P049,wishlist,2024-10-21 05:36:42,SESS_M4DY9,326,desktop,books
U259,P044,share,2024-10-21 06:47:27,SESS_8NIXC,333,desktop,books
U259,P013,compare,2024-10-21 06:05:04,SESS_I4ZF5,258,tablet,electronics
U259,P057,compare,2024-10-21 07:17:50,SESS_HUY7E,444,tablet,sports
U260,P042,view,2024-12-10 22:52:14,SESS_1N7FD,150,mobile,books
U260,P063,share,2024-12-10 23:06:38,SESS_0TIJ7,266,desktop,sports
U260,P058,click,2024-12-11 00:13:06,SESS_A2OTK,360,desktop,sports
U260,P060,compare,2024-12-10 23:11:02,SESS_OMI8C,321,tablet,sports
U260,P051,wishlist,2024-12-10 23:04:10,SESS_IRHEC,473,mobile,books
U260,P002,purchase,2024-12-11 02:26:39,SESS_PRTZU,191,desktop,electronics
U260,P041,click,2024-12-10 23:48:20,SESS_9OH12,346,desktop,books
U260,P014,click,2024-12-11 03:35:30,SESS_9WNZM,327,desktop,electronics
U261,P027,share,2024-08-20 04:20:47,SESS_3WKH3,77,mobile,fashion
U261,P029,view,2024-08-20 04:50:01,SESS_ZNKQW,38,tablet,food
U261,P036,click,2024-08-20 05:07:39,SESS_HDDOG,156,mobile,food
U261,P031,wishlist,2024-08-20 05:19:29,SESS_0B1HI,79,mobile,food
U261,P083,review,2024-08-20 05:20:47,SESS_8J2K3,199,desktop,home
U261,P028,compare,2024-08-20 06:53:57,SESS_RHCJT,86,mobile,food
U261,P016,view,2024-08-20 06:34:23,SESS_X76BT,63,tablet,fashion
U261,P022,share,2024-08-20 04:43:32,SESS_0CWBK,41,tablet,fashion
U262,P033,view,2024-04-10 03:01:41,SESS_59HHP,54,mobile,food
U262,P023,wishlist,2024-04-10 03:43:04,SESS_D7NC2,35,tablet,fashion
U262,P089,click,2024-04-10 03:22:07,SESS_2DY73,44,mobile,toys
U262,P018,compare,2024-04-10 04:51:20,SESS_UXKE4,177,tablet,fashion
U262,P023,share,2024-04-10 03:26:09,SESS_1V8RS,135,mobile,fashion
U262,P049,click,2024-04-10 06:15:46,SESS_2C7RW,38,mobile,books
U262,P032,purchase,2024-04-10 07:30:23,SESS_FM5CI,162,mobile,food
U262,P038,wishlist,2024-04-10 08:24:58,SESS_GCT3M,92,mobile,food
U263,P040,view,2024-10-14 05:30:45,SESS_KZCZV,158,desktop,books
U263,P057,click,2024-10-14 06:13:01,SESS_KU8HC,309,mobile,sports
U263,P070,wishlist,2024-10-14 07:03:19,SESS_7HNS5,214,desktop,beauty
U263,P090,add_to_cart,2024-10-14 06:01:00,SESS_1NNJ5,363,mobile,toys
U263,P014,compare,2024-10-14 06:49:41,SESS_EI9NX,335,tablet,electronics
U263,P060,share,2024-10-14 10:11:30,SESS_DA89O,397,desktop,sports
U263,P047,click,2024-10-14 06:34:21,SESS_AOGZE,457,mobile,books
U263,P054,click,2024-10-14 10:03:24,SESS_FAJLF,218,desktop,sports
U264,P044,view,2024-08-19 06:25:12,SESS_1JVEN,170,mobile,books
U264,P045,click,2024-08-19 07:22:35,SESS_41G87,194,mobile,books
U264,P054,compare,2024-08-19 06:28:14,SESS_2PEZX,370,desktop,sports
U264,P009,click,2024-08-19 06:54:18,SESS_7AC6D,267,tablet,electronics
U264,P067,click,2024-08-19 09:16:36,SESS_L12S6,455,desktop,beauty
U264,P013,share,2024-08-19 10:40:17,SESS_5EBDS,404,tablet,electronics
U264,P004,compare,2024-08-19 09:55:00,SESS_9UZA9,357,desktop,electronics
U264,P029,add_to_cart,2024-08-19 11:47:54,SESS_W6Q76,488,desktop,food
U265,P069,share,2024-05-03 20:42:12,SESS_NUZA1,215,desktop,beauty
U265,P085,compare,2024-05-03 21:21:52,SESS_WYMFV,398,desktop,home
U265,P052,add_to_cart,2024-05-03 21:41:34,SESS_QI1N6,162,desktop,sports
U265,P002,compare,2024-05-03 22:10:51,SESS_XCVTF,232,desktop,electronics
U265,P047,compare,2024-05-03 23:34:20,SESS_WX4KK,375,tablet,books
U265,P048,purchase,2024-05-03 21:50:02,SESS_IFJHS,136,desktop,books
U265,P044,click,2024-05-03 23:03:42,SESS_M7ODT,281,desktop,books
U265,P007,click,2024-05-04 00:47:33,SESS_UNFFQ,242,tablet,electronics
U266,P026,click,2024-09-12 05:09:56,SESS_GICX7,22,mobile,fashion
U266,P016,share,2024-09-12 05:20:28,SESS_VO6YV,61,mobile,fashion
U266,P010,view,2024-09-12 05:29:48,SESS_ADQ7G,12,mobile,electronics
U266,P015,click,2024-09-12 07:16:38,SESS_H44O9,109,mobile,electronics
U266,P002,share,2024-09-12 07:54:00,SESS_FBT7M,28,mobile,electronics
U266,P097,view,2024-09-12 08:31:41,SESS_IINIV,10,desktop,toys
U266,P088,view,2024-09-12 09:14:08,SESS_XPNGM,50,desktop,toys
U266,P017,click,2024-09-12 08:12:59,SESS_MVAQ9,108,tablet,fashion
U267,P075,purchase,2024-04-20 22:29:40,SESS_EI8XQ,120,mobile,beauty
U267,P027,view,2024-04-20 22:47:23,SESS_P2EK1,17,desktop,fashion
U267,P015,view,2024-04-20 23:33:16,SESS_9PPPC,16,desktop,electronics
U267,P017,view,2024-04-21 01:13:10,SESS_UT3XR,8,mobile,fashion
U267,P097,view,2024-04-20 23:09:40,SESS_IYOWY,33,mobile,toys
U267,P026,click,2024-04-21 00:29:05,SESS_IFYEM,24,mobile,fashion
U267,P096,purchase,2024-04-21 03:00:40,SESS_SO6DK,120,desktop,toys
U267,P001,share,2024-04-21 00:33:34,SESS_QM6UT,94,mobile,electronics
U268,P005,click,2024-09-27 19:13:37,SESS_XSNWE,66,desktop,electronics
U268,P017,click,2024-09-27 19:52:25,SESS_HYOU5,48,tablet,fashion
U268,P028,view,2024-09-27 21:01:57,SESS_J532F,32,mobile,food
U268,P019,share,2024-09-27 20:32:07,SESS_CFGK7,33,tablet,fashion
U268,P093,add_to_cart,2024-09-27 20:43:21,SESS_7NQOT,70,mobile,toys
U268,P005,wishlist,2024-09-27 22:35:47,SESS_KNELW,45,mobile,electronics
U268,P010,click,2024-09-27 21:56:31,SESS_TMD3B,58,desktop,electronics
U268,P087,click,2024-09-28 00:05:59,SESS_80ZWV,32,mobile,home
U269,P025,view,2024-12-02 12:06:40,SESS_5X6G2,28,tablet,fashion
U269,P039,click,2024-12-02 12:55:23,SESS_A690Q,45,mobile,food
U269,P063,review,2024-12-02 13:11:18,SESS_AIVEK,96,desktop,sports
U269,P039,share,2024-12-02 14:31:40,SESS_CUZLZ,111,mobile,food
U269,P088,purchase,2024-12-02 14:01:48,SESS_WY423,174,mobile,toys
U269,P018,view,2024-12-02 16:58:40,SESS_B5YK7,18,mobile,fashion
U269,P031,wishlist,2024-12-02 17:20:58,SESS_H4YN8,140,mobile,food
U269,P083,share,2024-12-02 17:18:31,SESS_DHAMY,165,tablet,home
U270,P028,click,2024-12-06 11:30:41,SESS_7KZB5,47,mobile,food
U270,P025,share,2024-12-06 11:57:13,SESS_BX6AD,94,mobile,fashion
U270,P072,review,2024-12-06 13:09:23,SESS_XTB80,69,mobile,beauty
U270,P020,view,2024-12-06 12:23:14,SESS_CO6MY,63,mobile,fashion
U270,P029,click,2024-12-06 14:30:57,SESS_HLLSH,169,mobile,food
U270,P072,share,2024-12-06 13:45:51,SESS_KD4QJ,33,tablet,beauty
U270,P023,share,2024-12-06 16:05:47,SESS_D6SUZ,133,desktop,fashion
U270,P021,review,2024-12-06 14:43:39,SESS_P29EU,180,tablet,fashion
U271,P072,view,2024-05-18 08:28:14,SESS_FC5Z5,81,tablet,beauty
U271,P079,view,2024-05-18 09:13:10,SESS_TVPPF,83,mobile,home
U271,P049,purchase,2024-05-18 10:15:24,SESS_1FFOF,359,tablet,books
U271,P072,view,2024-05-18 10:50:44,SESS_L37PR,115,mobile,beauty
U271,P040,click,2024-05-18 10:52:58,SESS_MF3G1,500,desktop,books
U271,P044,purchase,2024-05-18 12:10:59,SESS_N0CL5,309,tablet,books
U271,P001,review,2024-05-18 11:45:32,SESS_37A67,188,tablet,electronics
U271,P100,review,2024-05-18 13:00:39,SESS_5482Q,178,mobile,toys
U272,P027,click,2024-04-23 14:11:56,SESS_SOAVA,31,mobile,fashion
U272,P027,wishlist,2024-04-23 14:22:32,SESS_GYR58,99,desktop,fashion
U272,P038,wishlist,2024-04-23 15:18:02,SESS_DW7ZP,40,mobile,food
U272,P065,purchase,2024-04-23 16:40:17,SESS_VMO1O,125,mobile,beauty
U272,P084,share,2024-04-23 15:09:04,SESS_KJAZF,82,tablet,home
U272,P086,share,2024-04-23 15:23:51,SESS_2W8G4,158,mobile,home
U272,P039,view,2024-04-23 14:26:38,SESS_NKYP1,31,mobile,food
U272,P017,share,2024-04-23 16:55:58,SESS_BZBO3,48,mobile,fashion
U273,P024,click,2024-01-13 16:45:19,SESS_Y46V5,114,mobile,fashion
U273,P096,click,2024-01-13 17:10:46,SESS_RDGKO,77,mobile,toys
U273,P015,purchase,2024-01-13 17:43:43,SESS_9NK33,120,tablet,electronics
U273,P027,view,2024-01-13 19:02:55,SESS_ON2FO,26,mobile,fashion
U273,P039,click,2024-01-13 17:24:23,SESS_KBB5Y,23,mobile,food
U273,P002,click,2024-01-13 21:04:59,SESS_NADA1,40,mobile,electronics
U273,P007,compare,2024-01-13 18:14:25,SESS_05ZHI,117,mobile,electronics
U273,P007,click,2024-01-13 22:56:40,SESS_3HA6C,9,mobile,electronics
U274,P009,click,2024-08-19 03:33:37,SESS_03L38,237,desktop,electronics
U274,P045,click,2024-08-19 03:53:38,SESS_CT71W,111,desktop,books
U274,P087,click,2024-08-19 04:36:09,SESS_PD1OT,85,desktop,home
U274,P030,purchase,2024-08-19 05:04:28,SESS_SM91K,354,tablet,food
U274,P088,review,2024-08-19 06:53:37,SESS_H95D9,277,desktop,toys
U274,P014,purchase,2024-08-19 06:28:17,SESS_7VWKF,405,desktop,electronics
U274,P078,wishlist,2024-08-19 07:47:55,SESS_I90MB,166,desktop,home
U274,P087,review,2024-08-19 07:43:52,SESS_RO6XT,281,desktop,home
U275,P098,view,2024-07-30 13:24:34,SESS_0O1XQ,30,mobile,toys
U275,P022,click,2024-07-30 14:00:42,SESS_3SUYQ,55,mobile,fashion
U275,P018,view,2024-07-30 14:54:02,SESS_V6TVQ,42,mobile,fashion
U275,P018,view,2024-07-30 15:35:01,SESS_RQP94,29,mobile,fashion
U275,P015,click,2024-07-30 16:51:10,SESS_TL777,42,mobile,electronics
U275,P021,click,2024-07-30 16:48:24,SESS_GC3V8,50,tablet,fashion
U275,P009,click,2024-07-30 14:03:22,SESS_X4LPC,88,mobile,electronics
U275,P097,view,2024-07-30 15:40:22,SESS_VWSQ4,36,mobile,toys
U276,P064,add_to_cart,2024-01-20 08:04:17,SESS_HE0FW,125,desktop,beauty
U276,P064,click,2024-01-20 08:16:57,SESS_U8OXM,245,mobile,beauty
U276,P085,click,2024-01-20 08:22:31,SESS_WAGB2,570,desktop,home
U276,P013,click,2024-01-20 08:42:38,SESS_6XPJ2,522,desktop,electronics
U276,P074,click,2024-01-20 08:15:01,SESS_ZL5Y3,343,desktop,beauty
U276,P070,wishlist,2024-01-20 10:58:32,SESS_JZTRH,371,mobile,beauty
U276,P081,review,2024-01-20 10:05:11,SESS_NPTT3,422,tablet,home
U276,P075,review,2024-01-20 12:13:22,SESS_HK0I7,421,desktop,beauty
U277,P083,view,2024-09-01 15:50:56,SESS_3SIBX,59,mobile,home
U277,P036,share,2024-09-01 16:11:46,SESS_I1X1V,141,desktop,food
U277,P079,review,2024-09-01 17:32:26,SESS_PVMTM,255,desktop,home
U277,P033,compare,2024-09-01 16:00:26,SESS_VTOF3,73,mobile,food
U277,P100,click,2024-09-01 16:07:24,SESS_ZQ6RF,191,mobile,toys
U277,P074,purchase,2024-09-01 19:49:56,SESS_AUBPM,209,mobile,beauty
U277,P039,purchase,2024-09-01 15:58:50,SESS_KMX8D,173,mobile,food
U277,P035,purchase,2024-09-01 22:06:43,SESS_YYIIR,204,mobile,food
U278,P018,view,2024-10-08 12:24:11,SESS_UJ5OG,39,tablet,fashion
U278,P074,view,2024-10-08 12:37:41,SESS_3MYSR,43,mobile,beauty
U278,P069,click,2024-10-08 12:37:07,SESS_J1923,170,mobile,beauty
U278,P017,wishlist,2024-10-08 13:29:29,SESS_MM1HQ,18,tablet,fashion
U278,P066,wishlist,2024-10-08 12:57:31,SESS_OHPN9,45,tablet,beauty
U278,P069,compare,2024-10-08 16:34:36,SESS_Z5GP5,104,desktop,beauty
U278,P072,add_to_cart,2024-10-08 17:51:05,SESS_XOAWC,156,mobile,beauty
U278,P067,view,2024-10-08 19:14:30,SESS_IWMC0,70,mobile,beauty
U279,P073,click,2024-10-03 14:54:07,SESS_EY0PY,162,tablet,beauty
U279,P044,add_to_cart,2024-10-03 15:51:37,SESS_17TBS,152,desktop,books
U279,P003,add_to_cart,2024-10-03 16:47:29,SESS_IKBYT,303,mobile,electronics
U279,P081,wishlist,2024-10-03 16:27:31,SESS_NGVDL,84,desktop,home
U279,P015,view,2024-10-03 18:50:27,SESS_ZXI5N,118,desktop,electronics
U279,P038,compare,2024-10-03 17:44:12,SESS_RYDAF,177,tablet,food
U279,P034,share,2024-10-03 17:19:13,SESS_36HFE,497,mobile,food
U279,P064,review,2024-10-03 18:54:48,SESS_IWFVI,137,desktop,beauty
U280,P077,add_to_cart,2024-09-20 20:26:33,SESS_ESQAX,414,tablet,home
U280,P021,wishlist,2024-09-20 20:31:24,SESS_JLA9A,446,desktop,fashion
U280,P071,purchase,2024-09-20 20:33:13,SESS_50LMB,424,desktop,beauty
U280,P076,click,2024-09-20 23:09:06,SESS_BA22J,530,desktop,home
U280,P009,purchase,2024-09-20 21:10:25,SESS_IPSB5,545,desktop,electronics
U280,P002,view,2024-09-21 00:47:38,SESS_LIKCT,70,mobile,electronics
U280,P074,purchase,2024-09-20 23:00:39,SESS_2G10Y,159,tablet,beauty
U280,P065,review,2024-09-21 01:37:56,SESS_OOATY,148,desktop,beauty
U281,P008,click,2024-04-05 08:32:00,SESS_ZXPGB,301,mobile,electronics
U281,P053,add_to_cart,2024-04-05 09:05:21,SESS_6QPJN,134,desktop,sports
U281,P057,view,2024-04-05 09:03:34,SESS_QTCD2,168,mobile,sports
U281,P056,add_to_cart,2024-04-05 09:49:24,SESS_PRWMO,178,desktop,sports
U281,P002,click,2024-04-05 10:37:48,SESS_03YYS,192,tablet,electronics
U281,P007,click,2024-04-05 12:50:15,SESS_O37PH,132,desktop,electronics
U281,P002,click,2024-04-05 14:24:30,SESS_4RK9F,191,desktop,electronics
U281,P056,compare,2024-04-05 09:11:47,SESS_K25GP,492,desktop,sports
U282,P022,add_to_cart,2024-09-21 01:50:33,SESS_KWDGS,19,desktop,fashion
U282,P079,share,2024-09-21 02:19:55,SESS_JAJLT,77,mobile,home
U282,P016,view,2024-09-21 03:07:47,SESS_U8AKH,48,desktop,fashion
U282,P027,view,2024-09-21 04:46:09,SESS_CM90F,50,tablet,fashion
U282,P098,view,2024-09-21 02:10:17,SESS_NVKBJ,29,desktop,toys
U282,P089,view,2024-09-21 04:29:43,SESS_GSKEG,10,mobile,toys
U282,P100,compare,2024-09-21 04:40:33,SESS_X4RYS,106,desktop,toys
U282,P061,click,2024-09-21 04:13:35,SESS_UQVL7,22,mobile,sports
U283,P021,compare,2024-04-18 09:57:13,SESS_SDWX9,117,tablet,fashion
U283,P019,click,2024-04-18 10:44:57,SESS_45L5D,57,mobile,fashion
U283,P095,compare,2024-04-18 10:49:15,SESS_3QG5O,86,mobile,toys
U283,P008,compare,2024-04-18 11:44:04,SESS_CU6SY,97,desktop,electronics
U283,P007,click,2024-04-18 10:46:41,SESS_ZEH3R,59,tablet,electronics
U283,P099,view,2024-04-18 12:14:58,SESS_H9H72,20,mobile,toys
U283,P093,view,2024-04-18 10:18:13,SESS_1BY4I,48,mobile,toys
U283,P021,click,2024-04-18 12:43:14,SESS_SMP85,92,mobile,fashion
U284,P035,wishlist,2024-10-21 13:46:24,SESS_HWFL8,295,mobile,food
U284,P025,click,2024-10-21 13:59:58,SESS_L5C09,250,tablet,fashion
U284,P029,compare,2024-10-21 14:13:16,SESS_ZOBZO,412,desktop,food
U284,P043,compare,2024-10-21 15:43:00,SESS_JILHB,244,mobile,books
U284,P097,add_to_cart,2024-10-21 16:51:00,SESS_01WXP,458,desktop,toys
U284,P090,compare,2024-10-21 18:00:19,SESS_B9W5Z,355,desktop,toys
U284,P045,compare,2024-10-21 19:03:48,SESS_7PSCH,438,desktop,books
U284,P088,share,2024-10-21 14:58:23,SESS_EXZ9Z,212,desktop,toys
U285,P002,click,2024-09-08 00:19:08,SESS_54I3O,245,mobile,electronics
U285,P005,share,2024-09-08 00:26:33,SESS_6D2KG,403,tablet,electronics
U285,P062,view,2024-09-08 01:55:46,SESS_K31AV,148,desktop,sports
U285,P017,share,2024-09-08 02:07:32,SESS_PCM9A,414,desktop,fashion
U285,P004,share,2024-09-08 03:12:24,SESS_Z6QL3,188,desktop,electronics
U285,P050,compare,2024-09-08 00:43:08,SESS_S3NC6,156,mobile,books
U285,P006,compare,2024-09-08 01:39:20,SESS_0VGWG,365,desktop,electronics
U285,P062,compare,2024-09-08 03:48:26,SESS_V1UIT,167,desktop,sports
U286,P100,add_to_cart,2024-01-26 09:48:18,SESS_Y422K,40,desktop,toys
U286,P052,view,2024-01-26 10:35:16,SESS_G0JG3,48,mobile,sports
U286,P005,view,2024-01-26 10:40:56,SESS_D8SPW,51,mobile,electronics
U286,P020,view,2024-01-26 10:42:18,SESS_0G78T,26,mobile,fashion
U286,P016,click,2024-01-26 11:27:06,SESS_F1U6S,84,tablet,fashion
U286,P026,review,2024-01-26 11:18:08,SESS_U3V8K,73,mobile,fashion
U286,P022,click,2024-01-26 11:40:12,SESS_Q2SA1,107,mobile,fashion
U286,P096,share,2024-01-26 11:36:41,SESS_790VO,53,mobile,toys
U287,P073,view,2024-06-23 18:03:37,SESS_ODZ4A,115,tablet,beauty
U287,P002,wishlist,2024-06-23 18:47:01,SESS_PCA12,326,desktop,electronics
U287,P089,add_to_cart,2024-06-23 19:11:11,SESS_3P0AM,577,desktop,toys
U287,P007,add_to_cart,2024-06-23 19:06:31,SESS_J5YHY,436,desktop,electronics
U287,P085,purchase,2024-06-23 18:12:41,SESS_59K1A,291,desktop,home
U287,P073,review,2024-06-23 19:26:52,SESS_RLEZ6,242,desktop,beauty
U287,P087,purchase,2024-06-23 19:18:19,SESS_62E84,289,mobile,home
U287,P048,purchase,2024-06-23 23:47:47,SESS_9PGN3,383,tablet,books
U288,P048,click,2024-06-08 17:20:01,SESS_I045Y,30,mobile,books
U288,P012,wishlist,2024-06-08 17:22:30,SESS_14FTN,47,mobile,electronics
U288,P040,wishlist,2024-06-08 18:49:45,SESS_74F5Z,63,mobile,books
U288,P016,share,2024-06-08 18:42:19,SESS_LF80H,43,desktop,fashion
U288,P092,click,2024-06-08 20:57:13,SESS_V0ZIT,91,tablet,toys
U288,P023,add_to_cart,2024-06-08 17:55:16,SESS_R46QH,20,tablet,fashion
U288,P023,click,2024-06-08 20:21:19,SESS_GOEIO,73,mobile,fashion
U288,P096,share,2024-06-08 22:16:14,SESS_RR284,83,mobile,toys
U289,P066,click,2024-04-02 23:37:17,SESS_G0255,101,desktop,beauty
U289,P022,click,2024-04-02 23:57:29,SESS_A5A5P,50,mobile,fashion
U289,P019,view,2024-04-02 23:49:39,SESS_LQH1C,42,mobile,fashion
U289,P088,click,2024-04-03 00:37:08,SESS_02NMS,35,desktop,toys
U289,P067,click,2024-04-03 03:19:49,SESS_MXNMG,30,tablet,beauty
U289,P022,compare,2024-04-03 03:17:42,SESS_Y615B,89,mobile,fashion
U289,P017,view,2024-04-03 01:23:47,SESS_3V1NP,10,desktop,fashion
U289,P081,compare,2024-04-03 00:25:42,SESS_TYLH8,110,tablet,home
U290,P083,click,2024-01-30 17:02:20,SESS_S1ORA,532,desktop,home
U290,P074,wishlist,2024-01-30 18:00:15,SESS_N5ZAN,196,desktop,beauty
U290,P073,add_to_cart,2024-01-30 18:16:14,SESS_XCZZY,63,desktop,beauty
U290,P008,add_to_cart,2024-01-30 18:03:50,SESS_4L4YW,492,mobile,electronics
U290,P076,add_to_cart,2024-01-30 18:05:20,SESS_5TNLL,309,mobile,home
U290,P005,purchase,2024-01-30 21:20:05,SESS_SGQ53,121,mobile,electronics
U290,P077,view,2024-01-30 22:13:56,SESS_5FZ2R,74,tablet,home
U290,P082,purchase,2024-01-30 21:06:45,SESS_RDDHN,378,desktop,home
U291,P005,share,2024-05-18 00:01:22,SESS_1TCHW,72,desktop,electronics
U291,P012,view,2024-05-18 00:39:56,SESS_VMWW3,38,mobile,electronics
U291,P018,compare,2024-05-18 01:19:00,SESS_9L349,67,mobile,fashion
U291,P090,view,2024-05-18 00:46:25,SESS_7DHT8,10,mobile,toys
U291,P012,view,2024-05-18 00:58:54,SESS_8CJNJ,50,desktop,electronics
U291,P054,view,2024-05-18 03:33:57,SESS_5U0I1,8,tablet,sports
U291,P018,view,2024-05-18 02:16:04,SESS_F6K9K,30,mobile,fashion
U291,P026,click,2024-05-18 01:41:49,SESS_48LBC,44,mobile,fashion
U292,P065,share,2024-07-25 22:16:44,SESS_90MTX,380,desktop,beauty
U292,P070,view,2024-07-25 23:12:21,SESS_K9K20,71,desktop,beauty
U292,P085,review,2024-07-25 23:40:22,SESS_JFPY7,165,mobile,home
U292,P086,add_to_cart,2024-07-26 00:25:50,SESS_DC14Z,599,desktop,home
U292,P078,review,2024-07-25 22:54:24,SESS_OF37F,145,desktop,home
U292,P070,add_to_cart,2024-07-26 02:48:39,SESS_NW28B,258,desktop,beauty
U292,P065,review,2024-07-25 22:27:14,SESS_MIXW7,420,desktop,beauty
U292,P088,review,2024-07-25 23:39:06,SESS_FBXQ4,407,desktop,toys
U293,P089,view,2024-04-08 16:16:39,SESS_DM63L,152,tablet,toys
U293,P012,share,2024-04-08 17:00:46,SESS_8O3BT,208,desktop,electronics
U293,P052,purchase,2024-04-08 17:07:35,SESS_45J8O,430,tablet,sports
U293,P052,click,2024-04-08 16:36:42,SESS_W8VLO,472,desktop,sports
U293,P006,share,2024-04-08 17:57:23,SESS_PESRS,381,desktop,electronics
U293,P070,compare,2024-04-08 19:50:59,SESS_WIHXB,451,mobile,beauty
U293,P015,view,2024-04-08 17:02:39,SESS_25UAK,173,desktop,electronics
U293,P015,compare,2024-04-08 22:23:48,SESS_UASHE,489,desktop,electronics
U294,P075,view,2024-07-21 08:35:17,SESS_8ULV1,26,mobile,beauty
U294,P021,view,2024-07-21 09:06:21,SESS_EIMD0,40,mobile,fashion
U294,P033,review,2024-07-21 08:54:29,SESS_XOAU5,192,mobile,food
U294,P034,share,2024-07-21 09:46:11,SESS_NXVG1,179,mobile,food
U294,P024,share,2024-07-21 11:55:01,SESS_TA1SF,105,mobile,fashion
U294,P036,wishlist,2024-07-21 11:42:57,SESS_0Y3RO,136,mobile,food
U294,P068,wishlist,2024-07-21 12:27:11,SESS_H90U3,131,mobile,beauty
U294,P074,wishlist,2024-07-21 12:30:29,SESS_LM2LW,138,desktop,beauty
U295,P053,compare,2024-07-27 17:23:17,SESS_ZKSY9,220,desktop,sports
U295,P014,click,2024-07-27 17:32:19,SESS_2WPMJ,476,desktop,electronics
U295,P086,add_to_cart,2024-07-27 17:40:31,SESS_WPVI0,111,desktop,home
U295,P072,review,2024-07-27 17:38:44,SESS_4OGB1,395,desktop,beauty
U295,P003,share,2024-07-27 18:06:45,SESS_EKT0K,231,desktop,electronics
U295,P010,purchase,2024-07-27 21:49:47,SESS_JXBCW,379,tablet,electronics
U295,P004,share,2024-07-27 21:15:59,SESS_A4MH0,443,desktop,electronics
U295,P087,purchase,2024-07-27 20:15:29,SESS_LJ5MV,576,desktop,home
U296,P015,click,2024-06-18 21:02:07,SESS_WEEW0,322,tablet,electronics
U296,P061,click,2024-06-18 21:10:25,SESS_VFT9O,498,desktop,sports
U296,P057,compare,2024-06-18 21:27:25,SESS_95880,452,tablet,sports
U296,P040,share,2024-06-18 22:38:04,SESS_MLE6N,333,desktop,books
U296,P070,wishlist,2024-06-18 23:25:55,SESS_J0AU1,131,tablet,beauty
U296,P026,compare,2024-06-19 00:19:07,SESS_Z7VCR,309,mobile,fashion
U296,P056,purchase,2024-06-19 02:33:07,SESS_L2MYP,261,desktop,sports
U296,P055,share,2024-06-19 02:16:53,SESS_MUJQM,283,desktop,sports
U297,P027,click,2024-01-08 06:41:18,SESS_2H4I1,73,mobile,fashion
U297,P022,purchase,2024-01-08 06:54:13,SESS_803JW,120,mobile,fashion
U297,P044,share,2024-01-08 07:30:30,SESS_HVQ9X,19,mobile,books
U297,P023,click,2024-01-08 07:31:06,SESS_1WJX3,89,mobile,fashion
U297,P003,click,2024-01-08 08:25:02,SESS_QSODM,87,tablet,electronics
U297,P017,click,2024-01-08 08:38:28,SESS_5NHXF,115,mobile,fashion
U297,P021,click,2024-01-08 12:28:54,SESS_1024R,81,mobile,fashion
U297,P089,add_to_cart,2024-01-08 10:00:34,SESS_B261J,86,mobile,toys
U298,P099,click,2024-03-06 02:33:28,SESS_KAADO,80,tablet,toys
U298,P089,view,2024-03-06 03:08:06,SESS_YR33I,23,mobile,toys
U298,P025,view,2024-03-06 02:41:08,SESS_SH7N1,7,mobile,fashion
U298,P094,view,2024-03-06 02:52:22,SESS_QWB41,33,desktop,toys
U298,P097,wishlist,2024-03-06 03:51:04,SESS_URPV7,45,mobile,toys
U298,P090,view,2024-03-06 07:10:53,SESS_N3IT2,42,mobile,toys
U298,P006,compare,2024-03-06 08:03:16,SESS_P9NYM,93,mobile,electronics
U298,P008,view,2024-03-06 06:55:37,SESS_TJDH2,57,mobile,electronics
U299,P001,click,2024-01-03 20:03:12,SESS_LRLWP,113,desktop,electronics
U299,P027,add_to_cart,2024-01-03 20:42:57,SESS_O158J,7,mobile,fashion
U299,P011,view,2024-01-03 21:07:28,SESS_YINW4,40,tablet,electronics
U299,P009,view,2024-01-03 23:00:12,SESS_M8YI0,56,mobile,electronics
U299,P003,share,2024-01-04 00:03:04,SESS_1O7D3,91,mobile,electronics
U299,P002,view,2024-01-03 23:52:37,SESS_F52CD,36,desktop,electronics
U299,P014,click,2024-01-04 00:22:36,SESS_5O1L8,85,desktop,electronics
U299,P027,view,2024-01-03 23:09:17,SESS_YLKCS,56,desktop,fashion
U300,P065,view,2024-11-26 02:35:24,SESS_G8YFH,112,desktop,beauty
U300,P073,view,2024-11-26 03:33:34,SESS_8PKD2,77,tablet,beauty
U300,P058,purchase,2024-11-26 03:00:02,SESS_BCXII,256,tablet,sports
U300,P018,add_to_cart,2024-11-26 04:29:18,SESS_HOHS5,464,tablet,fashion
U300,P076,purchase,2024-11-26 02:42:16,SESS_9XRDT,517,desktop,home
U300,P069,view,2024-11-26 05:04:04,SESS_XYCO8,91,mobile,beauty
U300,P072,purchase,2024-11-26 03:01:36,SESS_XDOUB,573,tablet,beauty
U300,P086,purchase,2024-11-26 05:53:44,SESS_JPKVC,138,desktop,home
U301,P088,view,2024-10-19 07:57:58,SESS_2U8Z1,71,mobile,toys
U301,P086,compare,2024-10-19 08:47:06,SESS_8QBT0,155,desktop,home
U301,P084,click,2024-10-19 08:53:22,SESS_QAJEL,156,mobile,home
U301,P087,click,2024-10-19 09:10:46,SESS_8OAGP,42,desktop,home
U301,P080,purchase,2024-10-19 08:40:34,SESS_57I1N,179,desktop,home
U301,P050,review,2024-10-19 11:40:58,SESS_COQ5L,81,mobile,books
U301,P082,purchase,2024-10-19 13:19:58,SESS_YMAFC,132,tablet,home
U301,P036,add_to_cart,2024-10-19 08:46:23,SESS_UN8UR,36,tablet,food
U302,P089,click,2024-10-21 12:29:30,SESS_CRABO,522,tablet,toys
U302,P053,view,2024-10-21 13:18:11,SESS_NL8J3,108,desktop,sports
U302,P079,click,2024-10-21 13:24:04,SESS_UEU1O,535,tablet,home
U302,P001,add_to_cart,2024-10-21 13:18:27,SESS_L7XZV,525,desktop,electronics
U302,P014,view,2024-10-21 16:01:42,SESS_RIIGU,86,desktop,electronics
U302,P093,share,2024-10-21 15:25:05,SESS_6J5EA,347,tablet,toys
U302,P063,review,2024-10-21 15:35:12,SESS_0HEDM,80,tablet,sports
U302,P035,click,2024-10-21 17:20:28,SESS_2V73Z,366,tablet,food
U303,P008,compare,2024-02-15 13:56:23,SESS_RLQK0,488,desktop,electronics
U303,P071,view,2024-02-15 14:23:49,SESS_YHSJ9,61,desktop,beauty
U303,P072,click,2024-02-15 15:31:55,SESS_N40AP,246,tablet,beauty
U303,P077,click,2024-02-15 14:26:26,SESS_72RW5,511,tablet,home
U303,P083,view,2024-02-15 16:58:59,SESS_HU3FI,89,desktop,home
U303,P089,wishlist,2024-02-15 14:30:28,SESS_BPIME,489,mobile,toys
U303,P007,purchase,2024-02-15 18:29:53,SESS_6KFG7,243,mobile,electronics
U303,P073,share,2024-02-15 16:03:54,SESS_KAOZA,446,desktop,beauty
U304,P034,click,2024-10-01 20:24:33,SESS_EMTO2,186,mobile,food
U304,P035,click,2024-10-01 20:28:51,SESS_BN7J5,202,mobile,food
U304,P079,click,2024-10-01 21:45:33,SESS_W1SAG,209,tablet,home
U304,P006,add_to_cart,2024-10-01 21:58:27,SESS_O98N2,275,desktop,electronics
U304,P084,purchase,2024-10-01 22:30:29,SESS_TAGIV,153,mobile,home
U304,P035,view,2024-10-01 21:01:18,SESS_WZLOO,43,tablet,food
U304,P036,review,2024-10-02 00:22:15,SESS_SR7SH,264,desktop,food
U304,P032,purchase,2024-10-02 02:52:28,SESS_OUE6U,199,mobile,food
U305,P009,click,2024-04-01 01:16:37,SESS_QACBS,379,desktop,electronics
U305,P003,click,2024-04-01 02:07:29,SESS_Z1C5M,435,tablet,electronics
U305,P084,add_to_cart,2024-04-01 01:37:23,SESS_XZB5O,194,tablet,home
U305,P064,wishlist,2024-04-01 02:32:25,SESS_GYUJG,112,mobile,beauty
U305,P008,purchase,2024-04-01 04:50:01,SESS_M072H,413,tablet,electronics
U305,P078,share,2024-04-01 05:16:42,SESS_TOZAB,150,tablet,home
U305,P066,add_to_cart,2024-04-01 04:06:55,SESS_RJXMZ,531,mobile,beauty
U305,P065,purchase,2024-04-01 05:20:48,SESS_V4REW,299,mobile,beauty
U306,P036,click,2024-02-16 06:38:01,SESS_EIFU4,111,mobile,food
U306,P013,click,2024-02-16 07:02:15,SESS_SVDT7,52,tablet,electronics
U306,P022,share,2024-02-16 08:29:31,SESS_VPKFA,105,mobile,fashion
U306,P092,add_to_cart,2024-02-16 07:03:40,SESS_986K3,110,mobile,toys
U306,P018,view,2024-02-16 07:03:45,SESS_STYGX,65,tablet,fashion
U306,P099,click,2024-02-16 11:02:16,SESS_7P2R5,38,mobile,toys
U306,P011,share,2024-02-16 12:36:13,SESS_K6SF9,53,mobile,electronics
U306,P027,review,2024-02-16 08:31:25,SESS_65X4W,96,mobile,fashion
U307,P011,view,2024-04-14 22:32:44,SESS_Q58WZ,46,mobile,electronics
U307,P075,view,2024-04-14 22:49:18,SESS_RE5OZ,54,tablet,beauty
U307,P073,click,2024-04-14 22:39:14,SESS_H2IVD,78,tablet,beauty
U307,P017,review,2024-04-14 23:06:05,SESS_QDZ1G,106,mobile,fashion
U307,P059,compare,2024-04-15 00:06:20,SESS_P8AAC,128,mobile,sports
U307,P019,compare,2024-04-15 02:06:09,SESS_S0QLF,197,mobile,fashion
U307,P073,wishlist,2024-04-15 01:28:50,SESS_6RR79,73,tablet,beauty
U307,P018,wishlist,2024-04-14 23:57:47,SESS_0Q2OA,194,mobile,fashion
U308,P062,view,2024-01-07 04:11:29,SESS_4O5XK,148,desktop,sports
U308,P063,view,2024-01-07 04:30:13,SESS_XB7GI,145,desktop,sports
U308,P063,compare,2024-01-07 05:53:47,SESS_P83JU,438,mobile,sports
U308,P085,view,2024-01-07 05:19:53,SESS_40Y52,164,desktop,home
U308,P063,click,2024-01-07 06:20:09,SESS_H33DH,130,tablet,sports
U308,P004,compare,2024-01-07 09:02:34,SESS_YB9PD,211,mobile,electronics
U308,P052,compare,2024-01-07 07:58:05,SESS_NZQBI,142,desktop,sports
U308,P042,add_to_cart,2024-01-07 05:21:29,SESS_L3RD8,286,desktop,books
U309,P086,compare,2024-11-08 05:33:37,SESS_JFXYK,409,desktop,home
U309,P073,view,2024-11-08 06:30:07,SESS_NDLS3,120,desktop,beauty
U309,P065,review,2024-11-08 07:27:53,SESS_99MAZ,288,desktop,beauty
U309,P077,purchase,2024-11-08 07:12:55,SESS_DY4LR,182,tablet,home
U309,P003,compare,2024-11-08 08:30:05,SESS_X9OA2,183,desktop,electronics
U309,P011,wishlist,2024-11-08 08:41:42,SESS_X6ZIE,60,desktop,electronics
U309,P064,purchase,2024-11-08 06:02:01,SESS_LUN3Y,335,desktop,beauty
U309,P005,add_to_cart,2024-11-08 07:23:38,SESS_YP6S0,98,mobile,electronics
U310,P087,view,2024-04-20 12:00:28,SESS_0VRSS,11,mobile,home
U310,P022,click,2024-04-20 12:27:48,SESS_7TE8R,73,desktop,fashion
U310,P093,compare,2024-04-20 13:23:48,SESS_BMBVM,85,desktop,toys
U310,P007,click,2024-04-20 13:50:46,SESS_BRFR3,97,desktop,electronics
U310,P098,compare,2024-04-20 13:23:44,SESS_QWQMK,89,mobile,toys
U310,P009,view,2024-04-20 16:27:48,SESS_OP51V,41,mobile,electronics
U310,P020,add_to_cart,2024-04-20 13:30:10,SESS_O6JRU,60,mobile,fashion
U310,P023,click,2024-04-20 16:35:34,SESS_MRDPM,10,mobile,fashion
U311,P044,view,2024-05-21 22:10:30,SESS_DBWPV,129,mobile,books
U311,P009,wishlist,2024-05-21 22:35:07,SESS_P1H1Z,366,desktop,electronics
U311,P041,add_to_cart,2024-05-21 23:46:22,SESS_UD24D,264,desktop,books
U311,P041,view,2024-05-22 00:29:36,SESS_C88KL,162,mobile,books
U311,P052,wishlist,2024-05-22 01:37:42,SESS_ZXVTH,373,desktop,sports
U311,P060,share,2024-05-22 00:01:15,SESS_NOA21,247,desktop,sports
U311,P001,view,2024-05-21 22:49:00,SESS_KLWWI,121,desktop,electronics
U311,P053,share,2024-05-22 02:48:59,SESS_UXLJ1,198,desktop,sports
U312,P073,add_to_cart,2024-03-16 14:16:57,SESS_FF2WC,229,mobile,beauty
U312,P015,compare,2024-03-16 14:20:36,SESS_N0Q48,248,desktop,electronics
U312,P073,purchase,2024-03-16 16:11:43,SESS_J74F5,571,tablet,beauty
U312,P082,add_to_cart,2024-03-16 16:45:15,SESS_TEGUR,360,desktop,home
U312,P064,purchase,2024-03-16 16:05:09,SESS_2OLRW,544,desktop,beauty
U312,P056,purchase,2024-03-16 14:26:57,SESS_F2JTJ,398,tablet,sports
U312,P004,review,2024-03-16 15:59:03,SESS_QKB74,172,tablet,electronics
U312,P007,wishlist,2024-03-16 19:25:32,SESS_VEJE1,478,mobile,electronics
U313,P014,click,2024-04-12 09:48:31,SESS_0332W,98,mobile,electronics
U313,P032,click,2024-04-12 10:17:27,SESS_UYHCB,38,mobile,food
U313,P009,view,2024-04-12 11:47:37,SESS_9UDA9,63,mobile,electronics
U313,P033,click,2024-04-12 11:22:37,SESS_5YLQS,58,mobile,food
U313,P013,compare,2024-04-12 11:37:59,SESS_QK3QH,61,mobile,electronics
U313,P022,view,2024-04-12 12:35:11,SESS_E1QXR,22,desktop,fashion
U313,P016,view,2024-04-12 15:45:49,SESS_9QJWW,38,mobile,fashion
U313,P004,add_to_cart,2024-04-12 15:33:51,SESS_I09KG,85,mobile,electronics
U314,P004,view,2024-01-02 16:08:38,SESS_3M7ZU,82,desktop,electronics
U314,P041,click,2024-01-02 16:12:06,SESS_C9VXK,156,mobile,books
U314,P007,share,2024-01-02 16:13:32,SESS_CP8OV,447,desktop,electronics
U314,P073,click,2024-01-02 17:03:17,SESS_SQ6I3,85,tablet,beauty
U314,P100,add_to_cart,2024-01-02 19:38:22,SESS_CR85X,380,desktop,toys
U314,P013,add_to_cart,2024-01-02 16:26:13,SESS_PD7CD,493,tablet,electronics
U314,P061,view,2024-01-02 16:52:38,SESS_JK83M,97,desktop,sports
U314,P004,wishlist,2024-01-02 20:23:33,SESS_KUOZM,225,mobile,electronics
U315,P014,view,2024-07-05 10:20:34,SESS_M651L,74,desktop,electronics
U315,P086,click,2024-07-05 10:45:19,SESS_HNE0R,263,mobile,home
U315,P049,review,2024-07-05 12:06:46,SESS_P6JR0,297,tablet,books
U315,P072,add_to_cart,2024-07-05 11:31:01,SESS_8IW5X,228,desktop,beauty
U315,P087,view,2024-07-05 11:30:26,SESS_JHE17,54,mobile,home
U315,P033,purchase,2024-07-05 14:04:19,SESS_D53QE,151,mobile,food
U315,P087,review,2024-07-05 14:14:46,SESS_W7NJK,113,tablet,home
U315,P095,view,2024-07-05 12:48:58,SESS_XWLR4,44,desktop,toys
U316,P089,click,2024-09-13 20:48:23,SESS_O08NE,111,tablet,toys
U316,P010,share,2024-09-13 21:15:58,SESS_9AY22,19,desktop,electronics
U316,P021,click,2024-09-13 21:47:03,SESS_CVGJJ,103,desktop,fashion
U316,P003,compare,2024-09-13 23:46:32,SESS_IB0SX,72,mobile,electronics
U316,P025,click,2024-09-14 00:21:03,SESS_Y8634,66,mobile,fashion
U316,P002,view,2024-09-14 00:40:28,SESS_JEY7Q,45,mobile,electronics
U316,P069,purchase,2024-09-13 21:23:05,SESS_VEC9T,120,mobile,beauty
U316,P009,purchase,2024-09-14 00:05:19,SESS_3ENWW,120,tablet,electronics
U317,P012,click,2024-06-09 13:43:35,SESS_ISLWV,57,tablet,electronics
U317,P014,view,2024-06-09 13:59:57,SESS_2XZ0X,26,mobile,electronics
U317,P038,review,2024-06-09 15:35:29,SESS_QDNVQ,76,desktop,food
U317,P018,compare,2024-06-09 14:50:41,SESS_GW1JY,77,desktop,fashion
U317,P098,click,2024-06-09 16:59:39,SESS_0PE8E,44,desktop,toys
U317,P007,view,2024-06-09 17:15:05,SESS_ZAUR4,25,desktop,electronics
U317,P100,add_to_cart,2024-06-09 19:05:17,SESS_XN52T,83,mobile,toys
U317,P027,view,2024-06-09 19:31:22,SESS_088QE,16,tablet,fashion
U318,P042,view,2024-06-02 12:10:53,SESS_KTAWM,69,desktop,books
U318,P100,view,2024-06-02 12:42:58,SESS_82H39,84,desktop,toys
U318,P025,compare,2024-06-02 14:04:17,SESS_FZJDC,232,mobile,fashion
U318,P076,add_to_cart,2024-06-02 14:01:56,SESS_P8OX5,83,mobile,home
U318,P092,wishlist,2024-06-02 12:58:37,SESS_HBABO,157,mobile,toys
U318,P037,compare,2024-06-02 15:50:18,SESS_JWFQ8,274,tablet,food
U318,P015,purchase,2024-06-02 17:10:11,SESS_SHGPZ,210,desktop,electronics
U318,P078,add_to_cart,2024-06-02 16:03:24,SESS_ECQAK,270,mobile,home
U319,P047,click,2024-06-18 15:46:12,SESS_1HOCW,494,desktop,books
U319,P063,view,2024-06-18 16:12:00,SESS_5BEKT,136,desktop,sports
U319,P043,share,2024-06-18 15:49:56,SESS_HAQEL,198,desktop,books
U319,P051,compare,2024-06-18 18:06:18,SESS_JF3J9,289,tablet,books
U319,P013,share,2024-06-18 19:42:08,SESS_8BV5Z,233,mobile,electronics
U319,P085,review,2024-06-18 19:01:42,SESS_QYAHA,311,desktop,home
U319,P046,view,2024-06-18 18:32:18,SESS_JQBTK,167,desktop,books
U319,P012,compare,2024-06-18 19:47:14,SESS_OF83G,121,desktop,electronics
U320,P016,click,2024-02-16 05:18:10,SESS_OUZDZ,29,mobile,fashion
U320,P069,view,2024-02-16 05:35:51,SESS_ZE2TB,37,tablet,beauty
U320,P026,click,2024-02-16 06:01:40,SESS_I7084,44,mobile,fashion
U320,P027,share,2024-02-16 06:01:46,SESS_VBDEL,25,tablet,fashion
U320,P094,share,2024-02-16 07:28:34,SESS_QTTOH,61,mobile,toys
U320,P001,view,2024-02-16 07:25:35,SESS_2T2A1,35,mobile,electronics
U320,P013,share,2024-02-16 11:09:34,SESS_L6G9H,94,mobile,electronics
U320,P026,purchase,2024-02-16 10:10:04,SESS_5B0MO,120,mobile,fashion
U321,P055,add_to_cart,2024-11-27 02:42:42,SESS_2IZ1Q,193,desktop,sports
U321,P053,view,2024-11-27 03:10:15,SESS_AU6MT,149,tablet,sports
U321,P045,share,2024-11-27 03:07:36,SESS_G1HZV,312,mobile,books
U321,P044,wishlist,2024-11-27 05:05:06,SESS_0ESUS,436,desktop,books
U321,P005,add_to_cart,2024-11-27 03:15:34,SESS_000U1,365,desktop,electronics
U321,P035,click,2024-11-27 04:39:42,SESS_Z764H,386,desktop,food
U321,P066,share,2024-11-27 07:49:12,SESS_X74SS,173,desktop,beauty
U321,P049,share,2024-11-27 08:22:33,SESS_IZ6AA,241,desktop,books
U322,P056,view,2024-08-14 04:17:27,SESS_6X5LD,7,mobile,sports
U322,P012,click,2024-08-14 04:44:46,SESS_X7KI1,111,mobile,electronics
U322,P094,view,2024-08-14 06:08:43,SESS_0IU7H,44,mobile,toys
U322,P008,review,2024-08-14 06:44:36,SESS_28N4Q,108,mobile,electronics
U322,P022,add_to_cart,2024-08-14 07:59:11,SESS_TNS9H,44,desktop,fashion
U322,P091,view,2024-08-14 06:53:32,SESS_XDYQ8,11,tablet,toys
U322,P006,add_to_cart,2024-08-14 08:46:21,SESS_WRTNF,29,mobile,electronics
U322,P068,view,2024-08-14 05:54:45,SESS_OVM8L,54,mobile,beauty
U323,P038,purchase,2024-02-03 18:53:00,SESS_HQLYL,120,mobile,food
U323,P025,click,2024-02-03 19:06:51,SESS_FEJRK,106,desktop,fashion
U323,P051,click,2024-02-03 19:45:14,SESS_MQ96F,10,mobile,books
U323,P004,click,2024-02-03 19:59:18,SESS_J7MJQ,55,mobile,electronics
U323,P097,view,2024-02-03 21:57:56,SESS_V8FY1,5,tablet,toys
U323,P027,click,2024-02-03 19:50:30,SESS_GF9XX,85,mobile,fashion
U323,P022,click,2024-02-03 21:23:24,SESS_IAJN3,48,mobile,fashion
U323,P019,purchase,2024-02-03 22:24:45,SESS_AR1VY,120,mobile,fashion
U324,P049,click,2024-06-08 04:56:28,SESS_J3BSY,110,mobile,books
U324,P098,compare,2024-06-08 05:54:28,SESS_F86UG,103,mobile,toys
U324,P021,compare,2024-06-08 06:30:50,SESS_AD1BX,118,mobile,fashion
U324,P021,add_to_cart,2024-06-08 05:34:49,SESS_BH4JW,63,mobile,fashion
U324,P015,view,2024-06-08 05:50:12,SESS_0TGIY,19,mobile,electronics
U324,P012,click,2024-06-08 08:18:43,SESS_72VE4,33,mobile,electronics
U324,P015,click,2024-06-08 05:25:10,SESS_6EFIQ,100,mobile,electronics
U324,P006,view,2024-06-08 09:30:52,SESS_L0TQF,40,tablet,electronics
U325,P098,click,2024-03-16 03:41:48,SESS_0AC9P,78,mobile,toys
U325,P058,click,2024-03-16 04:07:45,SESS_SL0JO,113,mobile,sports
U325,P011,click,2024-03-16 05:37:08,SESS_8PZJ3,48,mobile,electronics
U325,P024,click,2024-03-16 04:36:06,SESS_QTTAA,94,desktop,fashion
U325,P023,click,2024-03-16 07:17:32,SESS_59D6S,82,mobile,fashion
U325,P054,click,2024-03-16 04:07:43,SESS_2E2FO,97,mobile,sports
U325,P020,view,2024-03-16 03:58:42,SESS_AHRX7,7,mobile,fashion
U325,P084,click,2024-03-16 10:08:33,SESS_HY8OL,65,tablet,home
U326,P047,click,2024-05-22 19:02:47,SESS_6519E,470,desktop,books
U326,P053,wishlist,2024-05-22 19:57:50,SESS_AUDWY,404,mobile,sports
U326,P053,wishlist,2024-05-22 20:39:17,SESS_S0O5D,207,mobile,sports
U326,P051,compare,2024-05-22 20:42:17,SESS_3CIPT,310,desktop,books
U326,P012,view,2024-05-22 20:26:55,SESS_OYLCB,173,desktop,electronics
U326,P059,view,2024-05-22 19:43:57,SESS_R0BGN,129,desktop,sports
U326,P003,compare,2024-05-22 23:25:29,SESS_IYGC9,208,desktop,electronics
U326,P073,compare,2024-05-22 22:55:53,SESS_JQYX7,447,desktop,beauty
U327,P059,click,2024-05-04 18:39:00,SESS_3GFXY,499,desktop,sports
U327,P044,view,2024-05-04 18:59:24,SESS_E2HK7,170,desktop,books
U327,P043,wishlist,2024-05-04 20:27:36,SESS_91522,322,desktop,books
U327,P094,review,2024-05-04 21:14:15,SESS_YN74L,374,desktop,toys
U327,P092,share,2024-05-04 18:55:40,SESS_2SWOS,260,desktop,toys
U327,P052,add_to_cart,2024-05-04 23:23:40,SESS_2SG0Y,347,desktop,sports
U327,P061,share,2024-05-04 21:43:48,SESS_HJ1L9,497,desktop,sports
U327,P041,compare,2024-05-04 19:13:04,SESS_6S258,248,desktop,books
U328,P075,view,2024-07-17 17:11:24,SESS_3CMUE,102,mobile,beauty
U328,P099,click,2024-07-17 17:56:49,SESS_J7T5B,219,mobile,toys
U328,P054,add_to_cart,2024-07-17 18:21:00,SESS_XEMLT,227,tablet,sports
U328,P084,review,2024-07-17 19:41:27,SESS_V842Q,321,desktop,home
U328,P080,add_to_cart,2024-07-17 18:35:52,SESS_GIQDZ,318,desktop,home
U328,P029,purchase,2024-07-17 17:43:09,SESS_QRT3M,193,desktop,food
U328,P083,review,2024-07-17 23:01:00,SESS_P7SWV,597,desktop,home
U328,P080,purchase,2024-07-17 19:21:36,SESS_518IA,590,desktop,home
U329,P046,compare,2024-10-07 09:56:05,SESS_Y8PZL,76,tablet,books
U329,P082,share,2024-10-07 10:32:18,SESS_VD44T,180,mobile,home
U329,P100,purchase,2024-10-07 10:53:39,SESS_E59O2,154,desktop,toys
U329,P040,compare,2024-10-07 12:45:14,SESS_QXMJB,140,tablet,books
U329,P030,wishlist,2024-10-07 12:02:49,SESS_WKIHP,120,tablet,food
U329,P089,purchase,2024-10-07 13:38:00,SESS_XKQ5P,136,desktop,toys
U329,P089,add_to_cart,2024-10-07 14:48:11,SESS_ATG6T,54,tablet,toys
U329,P087,review,2024-10-07 12:48:45,SESS_WSSNM,143,desktop,home
U330,P038,wishlist,2024-07-22 01:38:40,SESS_SMCGX,95,mobile,food
U330,P015,share,2024-07-22 02:36:36,SESS_8JVZS,44,mobile,electronics
U330,P012,share,2024-07-22 02:19:46,SESS_QBFIY,112,desktop,electronics
U330,P089,wishlist,2024-07-22 04:16:10,SESS_5HFA5,53,mobile,toys
U330,P035,compare,2024-07-22 05:07:08,SESS_ROPTX,81,mobile,food
U330,P027,click,2024-07-22 01:53:35,SESS_0FS6Q,33,tablet,fashion
U330,P012,view,2024-07-22 02:59:10,SESS_XIHWM,60,desktop,electronics
U330,P071,view,2024-07-22 05:08:47,SESS_G8E24,36,desktop,beauty
U331,P021,click,2024-01-22 17:20:56,SESS_VH71H,172,mobile,fashion
U331,P033,purchase,2024-01-22 18:17:14,SESS_Q6LFJ,139,mobile,food
U331,P072,review,2024-01-22 19:10:44,SESS_ZIUQ6,177,mobile,beauty
U331,P022,wishlist,2024-01-22 19:18:11,SESS_T8MVW,83,mobile,fashion
U331,P024,purchase,2024-01-22 20:59:44,SESS_9MVK8,185,mobile,fashion
U331,P083,share,2024-01-22 18:36:36,SESS_GG48F,149,mobile,home
U331,P075,wishlist,2024-01-22 17:31:14,SESS_XPFYJ,90,mobile,beauty
U331,P066,wishlist,2024-01-22 17:43:06,SESS_RATLC,42,tablet,beauty
U332,P012,view,2024-11-29 18:41:51,SESS_8R5NT,20,mobile,electronics
U332,P006,share,2024-11-29 19:20:16,SESS_1CTAE,109,mobile,electronics
U332,P006,click,2024-11-29 18:46:43,SESS_EXRSQ,45,tablet,electronics
U332,P026,click,2024-11-29 20:19:36,SESS_ZU6MR,77,mobile,fashion
U332,P016,share,2024-11-29 20:14:19,SESS_6IWEZ,15,mobile,fashion
U332,P020,share,2024-11-29 21:57:41,SESS_IMFL0,89,tablet,fashion
U332,P008,share,2024-11-30 00:04:39,SESS_T9F1O,45,mobile,electronics
U332,P099,view,2024-11-29 21:11:53,SESS_3NKKF,56,mobile,toys
U333,P034,add_to_cart,2024-09-15 04:29:17,SESS_QA0TK,24,mobile,food
U333,P042,click,2024-09-15 04:36:32,SESS_20K9A,189,mobile,books
U333,P067,click,2024-09-15 06:25:21,SESS_2AJGZ,151,tablet,beauty
U333,P030,purchase,2024-09-15 06:29:20,SESS_LUZK3,197,tablet,food
U333,P031,share,2024-09-15 06:01:57,SESS_KATV8,39,mobile,food
U333,P031,wishlist,2024-09-15 07:25:42,SESS_ZRHVY,120,mobile,food
U333,P084,wishlist,2024-09-15 05:51:17,SESS_RKE1F,52,mobile,home
U333,P048,click,2024-09-15 06:23:09,SESS_BK4UF,144,tablet,books
U334,P089,click,2024-07-30 16:06:04,SESS_O3FEU,91,mobile,toys
U334,P090,view,2024-07-30 16:21:52,SESS_GOU3H,33,tablet,toys
U334,P026,click,2024-07-30 16:15:24,SESS_99ZZC,66,mobile,fashion
U334,P051,click,2024-07-30 18:04:22,SESS_DES1K,46,tablet,books
U334,P012,view,2024-07-30 16:53:24,SESS_A5I8J,28,mobile,electronics
U334,P020,share,2024-07-30 18:53:04,SESS_1M3RM,95,mobile,fashion
U334,P090,view,2024-07-30 21:50:10,SESS_N0EAH,36,tablet,toys
U334,P002,add_to_cart,2024-07-30 23:00:28,SESS_Y9B1Y,61,tablet,electronics
U335,P079,view,2024-03-13 23:56:43,SESS_5AMVO,68,tablet,home
U335,P086,click,2024-03-14 00:56:30,SESS_Z9IYC,282,mobile,home
U335,P088,wishlist,2024-03-14 01:17:53,SESS_R6JBP,157,mobile,toys
U335,P034,add_to_cart,2024-03-14 01:49:10,SESS_2K5TS,128,desktop,food
U335,P035,add_to_cart,2024-03-14 03:20:39,SESS_AUGS6,102,desktop,food
U335,P087,add_to_cart,2024-03-14 01:49:38,SESS_9EWEU,245,desktop,home
U335,P060,review,2024-03-14 05:21:25,SESS_1PT6T,185,mobile,sports
U335,P042,compare,2024-03-14 04:17:49,SESS_AJIJN,139,mobile,books
U336,P035,share,2024-04-16 04:55:31,SESS_DI1EO,37,mobile,food
U336,P025,click,2024-04-16 05:23:47,SESS_BJSAD,78,mobile,fashion
U336,P066,wishlist,2024-04-16 06:33:59,SESS_LHNCO,107,mobile,beauty
U336,P019,share,2024-04-16 05:14:04,SESS_DVO02,97,mobile,fashion
U336,P069,share,2024-04-16 05:47:23,SESS_0SISJ,69,mobile,beauty
U336,P064,purchase,2024-04-16 09:33:16,SESS_YWL94,165,mobile,beauty
U336,P001,wishlist,2024-04-16 05:04:19,SESS_4D8XE,137,desktop,electronics
U336,P085,review,2024-04-16 07:10:02,SESS_YYX01,113,mobile,home
U337,P010,view,2024-07-26 19:18:02,SESS_WA2GB,105,desktop,electronics
U337,P069,view,2024-07-26 19:26:46,SESS_COYJ6,109,tablet,beauty
U337,P074,click,2024-07-26 19:57:10,SESS_G0RQA,490,mobile,beauty
U337,P069,purchase,2024-07-26 21:19:02,SESS_MZKG8,250,mobile,beauty
U337,P085,add_to_cart,2024-07-26 19:59:46,SESS_491RZ,422,tablet,home
U337,P078,purchase,2024-07-26 19:27:07,SESS_E8097,562,mobile,home
U337,P044,purchase,2024-07-26 23:21:32,SESS_XK1VI,465,mobile,books
U337,P009,add_to_cart,2024-07-26 20:42:30,SESS_P6SRD,107,mobile,electronics
U338,P003,click,2024-06-29 15:15:48,SESS_KXQ80,305,mobile,electronics
U338,P068,click,2024-06-29 15:22:56,SESS_Z4GZW,311,desktop,beauty
U338,P013,compare,2024-06-29 17:08:52,SESS_6HHGT,543,desktop,electronics
U338,P097,compare,2024-06-29 15:44:18,SESS_XBE5N,527,tablet,toys
U338,P006,purchase,2024-06-29 15:55:16,SESS_50CS9,359,tablet,electronics
U338,P073,purchase,2024-06-29 19:27:03,SESS_7RUEO,158,desktop,beauty
U338,P082,review,2024-06-29 15:55:12,SESS_894I1,528,desktop,home
U338,P068,review,2024-06-29 19:16:36,SESS_H01ST,404,tablet,beauty
U339,P092,click,2024-07-12 00:45:51,SESS_8RAQU,20,desktop,toys
U339,P006,share,2024-07-12 00:57:33,SESS_DX13T,25,desktop,electronics
U339,P097,view,2024-07-12 01:43:41,SESS_XOATM,51,tablet,toys
U339,P014,click,2024-07-12 02:02:45,SESS_QOO3T,18,desktop,electronics
U339,P004,add_to_cart,2024-07-12 04:13:15,SESS_R304A,10,tablet,electronics
U339,P009,add_to_cart,2024-07-12 05:07:26,SESS_07ZP3,79,mobile,electronics
U339,P088,click,2024-07-12 04:22:39,SESS_ISVYY,67,desktop,toys
U339,P026,view,2024-07-12 04:08:37,SESS_M42YJ,26,mobile,fashion
U340,P086,view,2024-06-14 20:35:08,SESS_VFD9J,90,desktop,home
U340,P004,view,2024-06-14 21:28:20,SESS_EFG9O,74,mobile,electronics
U340,P070,purchase,2024-06-14 21:12:02,SESS_M8NPI,433,tablet,beauty
U340,P100,wishlist,2024-06-14 21:30:56,SESS_1BNMP,411,mobile,toys
U340,P082,purchase,2024-06-14 22:19:36,SESS_EMURW,423,tablet,home
U340,P079,purchase,2024-06-15 01:01:53,SESS_O7GRI,252,mobile,home
U340,P087,purchase,2024-06-15 01:57:50,SESS_8SQ63,536,mobile,home
U340,P006,review,2024-06-14 22:21:25,SESS_DIIQ1,114,mobile,electronics
U341,P044,share,2024-05-01 05:51:34,SESS_HQJG5,220,desktop,books
U341,P060,view,2024-05-01 06:11:44,SESS_NW8EX,177,desktop,sports
U341,P059,click,2024-05-01 06:07:20,SESS_V2XN7,466,mobile,sports
U341,P084,view,2024-05-01 08:08:10,SESS_WK4MK,173,desktop,home
U341,P011,share,2024-05-01 09:31:42,SESS_IWFKL,485,mobile,electronics
U341,P050,compare,2024-05-01 09:22:09,SESS_PTWJ8,389,tablet,books
U341,P052,add_to_cart,2024-05-01 09:04:40,SESS_WV6YS,231,desktop,sports
U341,P001,add_to_cart,2024-05-01 06:43:43,SESS_VNUY8,305,desktop,electronics
U342,P001,view,2024-10-09 12:38:40,SESS_50SW1,145,desktop,electronics
U342,P008,click,2024-10-09 12:46:03,SESS_53UTI,406,desktop,electronics
U342,P027,view,2024-10-09 13:52:42,SESS_ML4NF,140,desktop,fashion
U342,P050,wishlist,2024-10-09 13:23:49,SESS_U9IVW,425,desktop,books
U342,P057,click,2024-10-09 16:05:48,SESS_KN2XH,360,mobile,sports
U342,P040,click,2024-10-09 17:34:30,SESS_DX087,314,desktop,books
U342,P054,review,2024-10-09 15:24:34,SESS_XQZ3G,493,desktop,sports
U342,P092,share,2024-10-09 17:31:37,SESS_9PO2U,137,desktop,toys
U343,P075,view,2024-07-20 17:08:01,SESS_H4FL7,88,desktop,beauty
U343,P074,click,2024-07-20 17:54:22,SESS_QMN7D,501,desktop,beauty
U343,P010,click,2024-07-20 17:23:13,SESS_7K7ZX,170,mobile,electronics
U343,P079,purchase,2024-07-20 18:36:43,SESS_PUK62,472,tablet,home
U343,P084,review,2024-07-20 20:35:13,SESS_16ZE7,90,desktop,home
U343,P077,purchase,2024-07-20 19:44:01,SESS_T60PV,592,desktop,home
U343,P080,add_to_cart,2024-07-20 19:02:07,SESS_MVOLH,101,desktop,home
U343,P003,add_to_cart,2024-07-20 21:19:26,SESS_4X3OO,229,mobile,electronics
U344,P068,click,2024-10-27 19:07:42,SESS_L9GDM,9,tablet,beauty
U344,P001,click,2024-10-27 19:11:46,SESS_H5PKP,120,mobile,electronics
U344,P047,click,2024-10-27 20:09:56,SESS_JP6E0,15,mobile,books
U344,P013,view,2024-10-27 21:45:12,SESS_IUYZ9,40,desktop,electronics
U344,P026,click,2024-10-27 22:06:06,SESS_B2KLV,32,mobile,fashion
U344,P094,purchase,2024-10-27 22:58:27,SESS_ODIL0,120,mobile,toys
U344,P019,wishlist,2024-10-27 19:18:24,SESS_D5BGK,50,tablet,fashion
U344,P089,share,2024-10-27 23:41:45,SESS_B0XDK,77,desktop,toys
U345,P093,view,2024-12-20 17:00:49,SESS_MUY0V,58,tablet,toys
U345,P017,click,2024-12-20 17:56:05,SESS_XCAAL,23,mobile,fashion
U345,P013,share,2024-12-20 18:58:49,SESS_UZ27N,67,tablet,electronics
U345,P077,view,2024-12-20 19:04:49,SESS_H3CHU,15,tablet,home
U345,P016,add_to_cart,2024-12-20 20:50:33,SESS_H5C7R,71,mobile,fashion
U345,P095,view,2024-12-20 17:08:09,SESS_NDY69,62,mobile,toys
U345,P039,view,2024-12-20 18:40:49,SESS_79V37,32,mobile,food
U345,P002,view,2024-12-20 20:33:58,SESS_BXT6Y,13,tablet,electronics
U346,P061,wishlist,2024-10-29 21:19:15,SESS_HGM5S,373,desktop,sports
U346,P007,add_to_cart,2024-10-29 21:35:20,SESS_EKXVT,472,desktop,electronics
U346,P040,compare,2024-10-29 22:57:21,SESS_ND14B,267,desktop,books
U346,P041,view,2024-10-29 21:32:15,SESS_42AE2,169,mobile,books
U346,P052,click,2024-10-30 00:47:15,SESS_2OBTC,432,desktop,sports
U346,P048,compare,2024-10-29 22:57:25,SESS_PLK5B,326,mobile,books
U346,P057,compare,2024-10-30 00:50:39,SESS_B3YQM,341,desktop,sports
U346,P062,share,2024-10-30 04:04:19,SESS_MXRF9,160,desktop,sports
U347,P057,click,2024-09-12 12:18:28,SESS_9PPLG,441,desktop,sports
U347,P010,view,2024-09-12 13:00:27,SESS_3HD78,151,mobile,electronics
U347,P077,wishlist,2024-09-12 13:00:32,SESS_YNSUA,471,desktop,home
U347,P007,view,2024-09-12 14:56:49,SESS_OEZOA,132,desktop,electronics
U347,P013,compare,2024-09-12 14:52:12,SESS_VW2OX,183,desktop,electronics
U347,P012,share,2024-09-12 16:16:48,SESS_KF63R,187,desktop,electronics
U347,P033,click,2024-09-12 13:37:52,SESS_8MM03,120,desktop,food
U347,P061,review,2024-09-12 12:55:20,SESS_QD8C1,124,desktop,sports
U348,P029,view,2024-12-14 09:31:22,SESS_SNOL8,69,mobile,food
U348,P030,view,2024-12-14 10:21:22,SESS_ZADF5,47,tablet,food
U348,P051,click,2024-12-14 11:24:32,SESS_JZ2KB,278,desktop,books
U348,P038,wishlist,2024-12-14 11:09:43,SESS_5R1F5,53,desktop,food
U348,P034,compare,2024-12-14 10:15:34,SESS_IHWUY,250,desktop,food
U348,P088,compare,2024-12-14 14:10:47,SESS_YN5FO,178,desktop,toys
U348,P079,purchase,2024-12-14 12:05:28,SESS_SQK7M,152,mobile,home
U348,P060,purchase,2024-12-14 13:53:03,SESS_F093F,199,mobile,sports
U349,P017,view,2024-09-05 07:35:21,SESS_8Y1TL,20,mobile,fashion
U349,P099,click,2024-09-05 08:11:13,SESS_8F9PR,53,tablet,toys
U349,P036,click,2024-09-05 08:44:57,SESS_KZ3Q0,21,mobile,food
U349,P002,add_to_cart,2024-09-05 10:26:36,SESS_H6TVD,104,desktop,electronics
U349,P002,add_to_cart,2024-09-05 07:48:45,SESS_RK6C2,38,mobile,electronics
U349,P001,wishlist,2024-09-05 08:08:11,SESS_JKF2V,44,mobile,electronics
U349,P019,view,2024-09-05 11:45:03,SESS_24DE4,19,mobile,fashion
U349,P025,share,2024-09-05 09:00:59,SESS_W4QD1,100,mobile,fashion
U350,P061,click,2024-03-28 21:08:38,SESS_ZZ3ZW,495,desktop,sports
U350,P009,click,2024-03-28 21:58:08,SESS_93ENV,375,desktop,electronics
U350,P015,click,2024-03-28 21:28:02,SESS_RK58H,180,mobile,electronics
U350,P057,click,2024-03-28 21:19:59,SESS_7PKHE,279,desktop,sports
U350,P046,share,2024-03-28 22:37:10,SESS_Q0RAA,326,desktop,books
U350,P070,view,2024-03-29 01:03:03,SESS_8NZF9,174,mobile,beauty
U350,P038,compare,2024-03-28 22:06:38,SESS_E3H4O,395,mobile,food
U350,P013,share,2024-03-29 00:39:27,SESS_J2VHA,273,desktop,electronics
U351,P085,view,2024-08-15 16:03:18,SESS_BOXO5,94,desktop,home
U351,P004,view,2024-08-15 16:22:21,SESS_HM3J5,95,mobile,electronics
U351,P058,add_to_cart,2024-08-15 16:26:18,SESS_8GBNI,150,desktop,sports
U351,P060,purchase,2024-08-15 16:52:27,SESS_2J8DY,492,desktop,sports
U351,P087,compare,2024-08-15 18:38:06,SESS_3ZUJC,312,desktop,home
U351,P019,review,2024-08-15 18:28:13,SESS_GYMRR,532,desktop,fashion
U351,P081,purchase,2024-08-15 18:37:06,SESS_2PH1D,251,tablet,home
U351,P079,review,2024-08-15 20:35:36,SESS_ATTKP,563,tablet,home
U352,P100,click,2024-08-24 01:09:32,SESS_E5BCI,18,mobile,toys
U352,P005,view,2024-08-24 02:01:41,SESS_H8RFC,42,desktop,electronics
U352,P096,compare,2024-08-24 01:24:48,SESS_2N333,105,desktop,toys
U352,P100,add_to_cart,2024-08-24 03:09:23,SESS_8M6IX,8,mobile,toys
U352,P094,click,2024-08-24 02:16:36,SESS_NGBYE,107,mobile,toys
U352,P007,click,2024-08-24 05:04:47,SESS_GN2UP,25,tablet,electronics
U352,P089,add_to_cart,2024-08-24 06:23:50,SESS_XNYWF,117,mobile,toys
U352,P011,click,2024-08-24 06:40:24,SESS_W4QRW,28,desktop,electronics
U353,P084,view,2024-01-02 18:53:49,SESS_TTXT1,12,tablet,home
U353,P037,click,2024-01-02 19:18:29,SESS_S9R37,161,mobile,food
U353,P031,compare,2024-01-02 19:51:53,SESS_J5BNF,161,tablet,food
U353,P073,purchase,2024-01-02 21:40:19,SESS_JMQ0N,153,tablet,beauty
U353,P075,view,2024-01-02 20:34:21,SESS_43I46,65,mobile,beauty
U353,P030,wishlist,2024-01-02 23:23:09,SESS_NPGXU,79,mobile,food
U353,P081,share,2024-01-02 23:22:37,SESS_WLAP3,81,mobile,home
U353,P096,view,2024-01-02 20:50:29,SESS_THT7U,21,desktop,toys
U354,P027,click,2024-06-07 02:16:36,SESS_73BHH,107,tablet,fashion
U354,P012,review,2024-06-07 02:32:30,SESS_G9JBD,111,desktop,electronics
U354,P024,view,2024-06-07 03:31:22,SESS_QUH67,34,mobile,fashion
U354,P100,compare,2024-06-07 03:40:18,SESS_50I48,117,mobile,toys
U354,P092,view,2024-06-07 05:02:56,SESS_FB8U3,9,mobile,toys
U354,P011,click,2024-06-07 02:36:51,SESS_RTYVE,43,tablet,electronics
U354,P023,click,2024-06-07 05:34:48,SESS_HHI4P,38,mobile,fashion
U354,P098,click,2024-06-07 08:00:53,SESS_8THM8,49,desktop,toys
U355,P018,add_to_cart,2024-09-23 12:23:16,SESS_04QPQ,133,mobile,fashion
U355,P018,click,2024-09-23 12:40:35,SESS_5ODHD,58,mobile,fashion
U355,P038,wishlist,2024-09-23 13:05:52,SESS_8D0H6,137,mobile,food
U355,P021,share,2024-09-23 14:09:40,SESS_2AU1W,113,tablet,fashion
U355,P022,click,2024-09-23 14:42:40,SESS_BQHTX,122,mobile,fashion
U355,P016,wishlist,2024-09-23 15:24:51,SESS_4MH7L,82,mobile,fashion
U355,P068,review,2024-09-23 15:45:28,SESS_GCAEQ,189,mobile,beauty
U355,P068,wishlist,2024-09-23 13:09:42,SESS_P0LW3,76,tablet,beauty
U356,P033,compare,2024-08-01 22:04:09,SESS_HHGWQ,155,mobile,food
U356,P066,click,2024-08-01 22:47:48,SESS_2ENH6,19,tablet,beauty
U356,P038,review,2024-08-01 22:58:09,SESS_HAV66,151,tablet,food
U356,P064,compare,2024-08-01 22:13:09,SESS_PXEM2,75,tablet,beauty
U356,P018,view,2024-08-01 22:47:57,SESS_5WMD9,30,mobile,fashion
U356,P017,review,2024-08-02 01:10:34,SESS_FB947,92,tablet,fashion
U356,P029,share,2024-08-01 22:23:27,SESS_U6C8K,83,desktop,food
U356,P033,wishlist,2024-08-02 04:45:08,SESS_RQH37,48,mobile,food
U357,P048,wishlist,2024-09-04 19:22:51,SESS_4TR4G,383,tablet,books
U357,P014,view,2024-09-04 19:48:05,SESS_5DM5N,149,desktop,electronics
U357,P021,compare,2024-09-04 20:45:37,SESS_BBSU0,437,desktop,fashion
U357,P060,wishlist,2024-09-04 19:47:00,SESS_YM31S,264,desktop,sports
U357,P057,compare,2024-09-04 21:46:11,SESS_UXKZB,290,mobile,sports
U357,P085,compare,2024-09-04 21:26:06,SESS_2V27N,290,desktop,home
U357,P048,compare,2024-09-04 20:23:45,SESS_XQ1K1,351,desktop,books
U357,P057,share,2024-09-04 20:55:43,SESS_N5EHQ,267,desktop,sports
U358,P073,view,2024-04-06 10:30:17,SESS_CKLN9,45,tablet,beauty
U358,P034,click,2024-04-06 10:49:23,SESS_74DPH,154,mobile,food
U358,P065,click,2024-04-06 11:21:59,SESS_VMBGQ,124,mobile,beauty
U358,P007,add_to_cart,2024-04-06 13:13:29,SESS_F1FFR,102,mobile,electronics
U358,P069,share,2024-04-06 13:43:37,SESS_WJR73,24,mobile,beauty
U358,P072,wishlist,2024-04-06 12:14:07,SESS_MWM37,57,tablet,beauty
U358,P038,wishlist,2024-04-06 13:08:59,SESS_27R81,116,mobile,food
U358,P033,share,2024-04-06 13:01:22,SESS_90DS1,23,mobile,food
U359,P026,click,2024-02-04 11:37:26,SESS_1DZQI,55,mobile,fashion
U359,P041,click,2024-02-04 12:07:07,SESS_BU8SS,49,desktop,books
U359,P001,click,2024-02-04 13:27:18,SESS_1HCD4,27,mobile,electronics
U359,P001,click,2024-02-04 12:19:17,SESS_Y0Z7P,68,mobile,electronics
U359,P011,add_to_cart,2024-02-04 12:45:54,SESS_TWS79,13,mobile,electronics
U359,P092,view,2024-02-04 14:15:56,SESS_S1OQO,52,tablet,toys
U359,P039,view,2024-02-04 13:18:38,SESS_KZGG1,32,mobile,food
U359,P094,click,2024-02-04 18:29:44,SESS_BQU11,102,mobile,toys
U360,P038,view,2024-06-06 20:31:44,SESS_YTP4J,46,mobile,food
U360,P074,view,2024-06-06 20:50:17,SESS_NV9UZ,25,mobile,beauty
U360,P070,add_to_cart,2024-06-06 20:53:24,SESS_HK7W2,159,desktop,beauty
U360,P080,share,2024-06-06 22:35:23,SESS_NP9S8,41,mobile,home
U360,P025,share,2024-06-06 21:15:32,SESS_I1W5E,108,mobile,fashion
U360,P019,review,2024-06-06 21:55:19,SESS_RUJ9Y,76,mobile,fashion
U360,P075,share,2024-06-07 00:11:02,SESS_8RI72,93,mobile,beauty
U360,P074,share,2024-06-07 01:55:15,SESS_O3693,127,mobile,beauty
U361,P006,view,2024-01-01 19:50:36,SESS_EO0XJ,136,tablet,electronics
U361,P015,view,2024-01-01 20:23:28,SESS_BOJPG,136,desktop,electronics
U361,P044,view,2024-01-01 21:26:06,SESS_SPQDN,123,desktop,books
U361,P053,share,2024-01-01 21:41:39,SESS_M7AMN,171,desktop,sports
U361,P057,view,2024-01-01 20:18:28,SESS_W963Z,152,tablet,sports
U361,P007,compare,2024-01-01 21:05:26,SESS_GRVZ2,185,desktop,electronics
U361,P046,view,2024-01-02 01:01:18,SESS_2WC3B,143,mobile,books
U361,P056,wishlist,2024-01-02 02:38:14,SESS_X4K3O,436,desktop,sports
U362,P066,view,2024-02-21 12:54:18,SESS_P82H6,92,tablet,beauty
U362,P011,click,2024-02-21 13:45:14,SESS_6ZEBC,216,tablet,electronics
U362,P022,purchase,2024-02-21 13:58:30,SESS_K2HQK,348,mobile,fashion
U362,P005,click,2024-02-21 15:02:06,SESS_EK2GP,419,desktop,electronics
U362,P004,add_to_cart,2024-02-21 14:51:18,SESS_8MA1J,393,desktop,electronics
U362,P078,review,2024-02-21 16:49:28,SESS_IWRCQ,381,mobile,home
U362,P087,review,2024-02-21 17:40:54,SESS_7TBUL,137,desktop,home
U362,P027,purchase,2024-02-21 19:47:11,SESS_N5V38,306,desktop,fashion
U363,P091,view,2024-11-08 00:48:59,SESS_JKULC,60,mobile,toys
U363,P015,click,2024-11-08 01:10:14,SESS_G4ZIF,27,mobile,electronics
U363,P096,wishlist,2024-11-08 02:16:43,SESS_7LDAZ,43,mobile,toys
U363,P021,purchase,2024-11-08 02:43:26,SESS_S2DVG,120,desktop,fashion
U363,P046,view,2024-11-08 01:57:59,SESS_AR1ZG,49,tablet,books
U363,P092,view,2024-11-08 05:17:09,SESS_9I7BX,11,desktop,toys
U363,P092,click,2024-11-08 01:40:29,SESS_3MZWT,92,tablet,toys
U363,P015,share,2024-11-08 07:27:38,SESS_UQQ4T,53,mobile,electronics
U364,P006,click,2024-08-23 00:13:17,SESS_8IYUB,130,tablet,electronics
U364,P069,share,2024-08-23 00:54:32,SESS_DN1GZ,135,desktop,beauty
U364,P080,purchase,2024-08-23 00:19:05,SESS_SZJKN,480,desktop,home
U364,P078,compare,2024-08-23 01:24:41,SESS_U7NAR,451,tablet,home
U364,P082,click,2024-08-23 00:20:37,SESS_Q5LF7,246,desktop,home
U364,P007,view,2024-08-23 01:02:12,SESS_93X23,64,mobile,electronics
U364,P012,add_to_cart,2024-08-23 04:27:35,SESS_52PAX,345,tablet,electronics
U364,P065,wishlist,2024-08-23 00:43:37,SESS_BHEYY,600,mobile,beauty
U365,P096,click,2024-11-07 13:39:50,SESS_RRBJV,98,desktop,toys
U365,P029,click,2024-11-07 14:09:58,SESS_X1VOP,281,mobile,food
U365,P093,add_to_cart,2024-11-07 15:30:48,SESS_UEVGB,91,tablet,toys
U365,P039,wishlist,2024-11-07 16:14:05,SESS_X202V,210,mobile,food
U365,P034,add_to_cart,2024-11-07 14:56:22,SESS_50ORN,91,desktop,food
U365,P099,purchase,2024-11-07 16:38:45,SESS_Q9RVN,277,tablet,toys
U365,P086,purchase,2024-11-07 15:14:20,SESS_TNVV1,165,mobile,home
U365,P025,add_to_cart,2024-11-07 19:19:55,SESS_NJXEN,281,mobile,fashion
U366,P043,view,2024-06-12 04:48:55,SESS_BWITU,7,mobile,books
U366,P009,add_to_cart,2024-06-12 05:39:19,SESS_2NI4G,93,mobile,electronics
U366,P092,wishlist,2024-06-12 05:57:55,SESS_JSEUO,114,desktop,toys
U366,P093,view,2024-06-12 05:39:10,SESS_UFEUC,46,mobile,toys
U366,P013,view,2024-06-12 07:50:39,SESS_JZ4N1,46,mobile,electronics
U366,P027,add_to_cart,2024-06-12 09:01:15,SESS_R4CKC,21,desktop,fashion
U366,P093,view,2024-06-12 06:36:19,SESS_SZCLM,59,mobile,toys
U366,P090,view,2024-06-12 07:05:39,SESS_S0GV4,33,desktop,toys
U367,P055,view,2024-03-13 09:52:14,SESS_ON3QA,63,desktop,sports
U367,P085,add_to_cart,2024-03-13 10:08:47,SESS_1U6JD,64,mobile,home
U367,P087,purchase,2024-03-13 10:29:46,SESS_WM4F7,120,mobile,home
U367,P036,purchase,2024-03-13 12:06:20,SESS_WW7XH,159,desktop,food
U367,P045,add_to_cart,2024-03-13 11:23:50,SESS_HLSWD,196,desktop,books
U367,P032,purchase,2024-03-13 12:12:14,SESS_BD9O4,295,mobile,food
U367,P081,add_to_cart,2024-03-13 11:04:50,SESS_AGEIZ,229,desktop,home
U367,P038,add_to_cart,2024-03-13 12:15:09,SESS_A4DQX,147,mobile,food
U368,P068,click,2024-01-25 02:25:51,SESS_ZBB27,598,tablet,beauty
U368,P085,compare,2024-01-25 02:51:15,SESS_DGEJ1,147,desktop,home
U368,P003,click,2024-01-25 02:42:25,SESS_RONBV,506,mobile,electronics
U368,P068,view,2024-01-25 03:13:33,SESS_YPM2F,81,tablet,beauty
U368,P006,share,2024-01-25 05:40:03,SESS_1LEXD,442,desktop,electronics
U368,P064,review,2024-01-25 03:31:26,SESS_0KGDV,178,desktop,beauty
U368,P078,purchase,2024-01-25 06:40:39,SESS_JEDAD,537,desktop,home
U368,P070,share,2024-01-25 07:10:31,SESS_GE4OF,183,tablet,beauty
U369,P064,view,2024-01-12 20:32:53,SESS_6XZP9,42,tablet,beauty
U369,P073,view,2024-01-12 20:38:56,SESS_YFG2E,52,mobile,beauty
U369,P073,compare,2024-01-12 21:31:43,SESS_LJXE6,140,mobile,beauty
U369,P024,review,2024-01-12 20:55:20,SESS_DCLED,163,tablet,fashion
U369,P019,click,2024-01-12 23:05:09,SESS_JZAE5,198,tablet,fashion
U369,P071,share,2024-01-13 00:12:48,SESS_I2AFI,74,mobile,beauty
U369,P064,share,2024-01-12 23:52:59,SESS_NLE7H,172,tablet,beauty
U369,P035,review,2024-01-13 00:03:42,SESS_Z6K8Z,187,mobile,food
U370,P018,add_to_cart,2024-01-16 10:11:28,SESS_YA3Z5,52,tablet,fashion
U370,P100,add_to_cart,2024-01-16 11:01:15,SESS_58F22,22,mobile,toys
U370,P020,share,2024-01-16 11:13:06,SESS_0XTYV,67,tablet,fashion
U370,P100,purchase,2024-01-16 11:02:22,SESS_ULGTD,120,desktop,toys
U370,P015,click,2024-01-16 11:07:48,SESS_8W1QX,71,mobile,electronics
U370,P005,view,2024-01-16 11:35:43,SESS_M61IS,43,mobile,electronics
U370,P012,click,2024-01-16 14:14:22,SESS_VYXLL,64,desktop,electronics
U370,P026,view,2024-01-16 14:07:29,SESS_N0T1K,23,desktop,fashion
U371,P045,click,2024-11-03 17:24:39,SESS_O8ECT,125,tablet,books
U371,P065,click,2024-11-03 18:21:50,SESS_JKM0F,309,desktop,beauty
U371,P043,compare,2024-11-03 19:08:01,SESS_LCKUH,472,desktop,books
U371,P016,share,2024-11-03 19:09:36,SESS_LDI47,237,desktop,fashion
U371,P052,compare,2024-11-03 19:00:07,SESS_0JRR7,192,mobile,sports
U371,P014,compare,2024-11-03 22:17:29,SESS_S3589,221,tablet,electronics
U371,P031,compare,2024-11-03 21:13:51,SESS_ESP55,438,desktop,food
U371,P045,compare,2024-11-03 19:58:25,SESS_Y04LF,181,mobile,books
U372,P094,view,2024-10-17 23:05:31,SESS_R3CL4,18,mobile,toys
U372,P009,click,2024-10-17 23:17:34,SESS_9BP12,79,tablet,electronics
U372,P001,view,2024-10-18 00:20:13,SESS_D2IPT,28,desktop,electronics
U372,P003,view,2024-10-17 23:39:49,SESS_KZADB,38,mobile,electronics
U372,P026,click,2024-10-18 01:34:59,SESS_Q2G1K,82,mobile,fashion
U372,P004,add_to_cart,2024-10-17 23:17:31,SESS_KXXJ0,44,mobile,electronics
U372,P021,view,2024-10-17 23:29:55,SESS_2KOCW,12,mobile,fashion
U372,P021,compare,2024-10-18 02:49:59,SESS_UEZ19,103,desktop,fashion
U373,P087,click,2024-08-19 18:32:31,SESS_DN2Z2,427,tablet,home
U373,P060,click,2024-08-19 19:11:19,SESS_63RRP,309,tablet,sports
U373,P008,share,2024-08-19 18:52:05,SESS_2VD8I,353,desktop,electronics
U373,P005,wishlist,2024-08-19 19:21:31,SESS_BNVL0,329,tablet,electronics
U373,P026,compare,2024-08-19 20:41:03,SESS_3IETY,375,tablet,fashion
U373,P013,wishlist,2024-08-19 22:28:41,SESS_BW2MR,283,desktop,electronics
U373,P053,compare,2024-08-19 22:19:25,SESS_WIOFN,262,tablet,sports
U373,P049,click,2024-08-19 19:18:15,SESS_YLBOS,335,tablet,books
U374,P021,view,2024-01-22 04:22:29,SESS_XGYMY,27,desktop,fashion
U374,P068,view,2024-01-22 05:15:19,SESS_4Q7SV,31,mobile,beauty
U374,P096,click,2024-01-22 06:14:03,SESS_V5X6E,107,mobile,toys
U374,P008,wishlist,2024-01-22 06:44:32,SESS_X7A1L,102,tablet,electronics
U374,P032,click,2024-01-22 07:34:21,SESS_PYTA7,17,tablet,food
U374,P092,click,2024-01-22 06:46:59,SESS_RSJJ8,21,desktop,toys
U374,P016,add_to_cart,2024-01-22 08:18:59,SESS_TQEAE,64,mobile,fashion
U374,P003,click,2024-01-22 10:40:29,SESS_BKK2B,36,mobile,electronics
U375,P037,compare,2024-09-13 02:07:08,SESS_XJ3Y1,74,mobile,food
U375,P023,click,2024-09-13 02:48:44,SESS_5SVFO,156,mobile,fashion
U375,P072,view,2024-09-13 03:41:58,SESS_GDP9I,25,mobile,beauty
U375,P075,purchase,2024-09-13 03:26:14,SESS_D2FNC,180,mobile,beauty
U375,P023,click,2024-09-13 05:30:08,SESS_4MNYK,186,mobile,fashion
U375,P065,share,2024-09-13 06:01:23,SESS_FE3JW,39,mobile,beauty
U375,P011,add_to_cart,2024-09-13 04:48:26,SESS_AD0XH,18,mobile,electronics
U375,P026,wishlist,2024-09-13 03:32:25,SESS_XP7X8,103,tablet,fashion
U376,P002,view,2024-09-17 02:45:10,SESS_DYYWZ,139,desktop,electronics
U376,P053,click,2024-09-17 03:44:15,SESS_3LP15,394,tablet,sports
U376,P051,share,2024-09-17 03:37:30,SESS_CD4U4,279,tablet,books
U376,P042,view,2024-09-17 04:41:49,SESS_NIMCH,162,desktop,books
U376,P054,wishlist,2024-09-17 02:57:22,SESS_M7RBR,460,desktop,sports
U376,P059,compare,2024-09-17 04:53:15,SESS_J2KEG,480,desktop,sports
U376,P005,purchase,2024-09-17 04:43:10,SESS_UJVBP,147,mobile,electronics
U376,P060,compare,2024-09-17 03:56:55,SESS_OTE0Q,306,tablet,sports
U377,P069,share,2024-08-18 13:37:03,SESS_XNUFA,320,mobile,beauty
U377,P080,purchase,2024-08-18 14:02:13,SESS_0VB1C,546,tablet,home
U377,P042,review,2024-08-18 15:20:31,SESS_JBUOE,166,desktop,books
U377,P011,add_to_cart,2024-08-18 13:51:39,SESS_HNXIY,364,mobile,electronics
U377,P072,click,2024-08-18 14:54:03,SESS_7QUF7,497,mobile,beauty
U377,P061,purchase,2024-08-18 15:11:38,SESS_M2V0M,439,desktop,sports
U377,P065,add_to_cart,2024-08-18 18:40:03,SESS_GDZK0,207,desktop,beauty
U377,P003,review,2024-08-18 19:10:15,SESS_KAH8O,192,desktop,electronics
U378,P063,view,2024-06-07 16:56:26,SESS_JB0OX,11,mobile,sports
U378,P009,view,2024-06-07 17:05:48,SESS_8M7Z2,39,desktop,electronics
U378,P026,view,2024-06-07 18:25:18,SESS_MM279,65,mobile,fashion
U378,P083,click,2024-06-07 17:55:17,SESS_GWLJ6,34,tablet,home
U378,P091,wishlist,2024-06-07 17:36:46,SESS_ZSHP0,28,mobile,toys
U378,P016,view,2024-06-07 19:10:51,SESS_APFJ6,45,mobile,fashion
U378,P085,add_to_cart,2024-06-07 19:39:08,SESS_87M5C,120,mobile,home
U378,P006,view,2024-06-07 21:31:11,SESS_UHUHX,41,tablet,electronics
U379,P008,click,2024-08-29 19:57:17,SESS_6DERG,40,tablet,electronics
U379,P064,share,2024-08-29 20:50:39,SESS_FYY9V,111,tablet,beauty
U379,P007,click,2024-08-29 20:01:47,SESS_ACFAX,66,mobile,electronics
U379,P009,click,2024-08-29 22:34:23,SESS_9MI9Z,77,mobile,electronics
U379,P004,view,2024-08-29 21:30:45,SESS_366SQ,27,mobile,electronics
U379,P088,view,2024-08-29 21:09:22,SESS_A7SCP,5,tablet,toys
U379,P008,click,2024-08-29 21:12:35,SESS_80EHA,61,mobile,electronics
U379,P026,click,2024-08-30 01:39:00,SESS_2LYM9,80,mobile,fashion
U380,P073,wishlist,2024-04-27 22:19:24,SESS_GIOKO,124,mobile,beauty
U380,P065,click,2024-04-27 22:28:55,SESS_KYB27,176,mobile,beauty
U380,P064,review,2024-04-27 23:55:26,SESS_JOD5J,109,tablet,beauty
U380,P025,share,2024-04-27 22:44:12,SESS_P581N,75,tablet,fashion
U380,P036,review,2024-04-28 01:33:08,SESS_PS476,152,mobile,food
U380,P029,compare,2024-04-27 22:53:44,SESS_BX7QF,169,mobile,food
U380,P073,wishlist,2024-04-28 02:22:30,SESS_QWLQB,50,mobile,beauty
U380,P022,share,2024-04-28 01:16:37,SESS_YV97J,73,tablet,fashion
U381,P005,view,2024-01-06 15:59:17,SESS_VOCSQ,85,desktop,electronics
U381,P087,share,2024-01-06 16:09:48,SESS_1417H,222,desktop,home
U381,P083,view,2024-01-06 16:50:59,SESS_ORGC4,60,mobile,home
U381,P098,purchase,2024-01-06 18:00:14,SESS_MVNFK,294,desktop,toys
U381,P010,purchase,2024-01-06 19:20:57,SESS_45MRT,328,desktop,electronics
U381,P001,add_to_cart,2024-01-06 17:35:57,SESS_C6IWM,253,mobile,electronics
U381,P087,share,2024-01-06 17:54:35,SESS_WY9PZ,511,tablet,home
U381,P076,purchase,2024-01-06 16:18:04,SESS_R7DKI,566,desktop,home
U382,P089,click,2024-10-31 10:47:42,SESS_RL8HU,72,desktop,toys
U382,P079,click,2024-10-31 11:36:39,SESS_QGCMR,280,desktop,home
U382,P068,compare,2024-10-31 12:43:28,SESS_SPSKT,187,mobile,beauty
U382,P084,add_to_cart,2024-10-31 11:38:33,SESS_WJ0VS,118,mobile,home
U382,P029,purchase,2024-10-31 11:28:54,SESS_HH54S,160,mobile,food
U382,P028,purchase,2024-10-31 15:33:17,SESS_E5EZK,189,tablet,food
U382,P082,purchase,2024-10-31 16:19:18,SESS_RN3J0,238,desktop,home
U382,P032,add_to_cart,2024-10-31 15:16:30,SESS_VIDDY,188,mobile,food
U383,P100,purchase,2024-07-09 21:34:46,SESS_3ZN5R,321,mobile,toys
U383,P048,click,2024-07-09 21:59:06,SESS_4FPLL,214,mobile,books
U383,P010,share,2024-07-09 22:47:40,SESS_REURF,304,desktop,electronics
U383,P040,wishlist,2024-07-09 23:58:25,SESS_ZNB6G,394,desktop,books
U383,P060,wishlist,2024-07-10 00:45:58,SESS_JC2FO,341,desktop,sports
U383,P041,purchase,2024-07-09 21:58:41,SESS_GTGU6,243,tablet,books
U383,P017,compare,2024-07-10 01:08:58,SESS_JAMSL,387,desktop,fashion
U383,P056,review,2024-07-10 02:13:50,SESS_OMJOQ,249,desktop,sports
U384,P047,compare,2024-07-22 05:20:45,SESS_HSZDI,298,tablet,books
U384,P079,click,2024-07-22 05:35:37,SESS_3T3M5,395,desktop,home
U384,P011,review,2024-07-22 05:41:57,SESS_LY6YV,418,tablet,electronics
U384,P078,click,2024-07-22 06:50:42,SESS_7LQZG,220,desktop,home
U384,P054,wishlist,2024-07-22 09:19:33,SESS_NE8QP,409,desktop,sports
U384,P041,compare,2024-07-22 05:27:05,SESS_E93RC,149,desktop,books
U384,P075,compare,2024-07-22 11:20:33,SESS_EATXF,185,mobile,beauty
U384,P074,view,2024-07-22 05:47:28,SESS_W60N3,172,tablet,beauty
U385,P002,view,2024-09-24 10:28:40,SESS_OWIHY,7,mobile,electronics
U385,P090,view,2024-09-24 10:51:43,SESS_IT8AB,36,mobile,toys
U385,P053,add_to_cart,2024-09-24 10:52:26,SESS_C5TG8,11,mobile,sports
U385,P097,view,2024-09-24 11:22:10,SESS_7S4X5,43,desktop,toys
U385,P020,view,2024-09-24 14:07:44,SESS_HAWQD,40,mobile,fashion
U385,P099,view,2024-09-24 11:17:45,SESS_1RWHP,26,mobile,toys
U385,P018,click,2024-09-24 13:49:28,SESS_8ML7K,17,mobile,fashion
U385,P017,click,2024-09-24 16:02:06,SESS_IH10E,39,mobile,fashion
U386,P045,view,2024-11-19 05:18:25,SESS_D53II,123,desktop,books
U386,P060,compare,2024-11-19 06:03:22,SESS_5S63R,230,desktop,sports
U386,P018,share,2024-11-19 06:42:49,SESS_5H7YD,346,desktop,fashion
U386,P057,click,2024-11-19 07:38:10,SESS_782D0,335,tablet,sports
U386,P040,compare,2024-11-19 08:35:13,SESS_OXYVB,487,desktop,books
U386,P005,compare,2024-11-19 07:37:15,SESS_JJ30U,334,desktop,electronics
U386,P051,compare,2024-11-19 10:14:13,SESS_ACWF6,346,desktop,books
U386,P003,share,2024-11-19 05:47:49,SESS_4S5QT,462,desktop,electronics
U387,P100,view,2024-12-21 17:45:19,SESS_AV6XH,13,mobile,toys
U387,P086,compare,2024-12-21 18:16:45,SESS_5KNOR,95,desktop,home
U387,P004,view,2024-12-21 19:36:59,SESS_PHGKN,46,desktop,electronics
U387,P084,view,2024-12-21 20:36:43,SESS_1M00L,34,mobile,home
U387,P014,compare,2024-12-21 19:29:19,SESS_D09OY,82,desktop,electronics
U387,P094,click,2024-12-21 20:10:49,SESS_A2X17,95,mobile,toys
U387,P030,click,2024-12-21 20:33:07,SESS_0SWDU,28,tablet,food
U387,P012,view,2024-12-21 20:41:01,SESS_RVNZQ,13,mobile,electronics
U388,P078,share,2024-01-18 12:07:07,SESS_HG4BC,558,mobile,home
U388,P002,view,2024-01-18 13:01:18,SESS_HWF6Y,98,mobile,electronics
U388,P076,view,2024-01-18 13:41:05,SESS_Y7U6U,61,desktop,home
U388,P074,purchase,2024-01-18 13:17:22,SESS_HBTTH,456,mobile,beauty
U388,P086,purchase,2024-01-18 12:24:51,SESS_8PFKP,320,desktop,home
U388,P067,purchase,2024-01-18 16:05:37,SESS_3YULS,378,mobile,beauty
U388,P087,view,2024-01-18 14:27:01,SESS_MG2PU,110,mobile,home
U388,P004,review,2024-01-18 18:25:49,SESS_FQ3RW,371,desktop,electronics
U389,P037,click,2024-12-23 23:54:35,SESS_80JG2,184,mobile,food
U389,P070,view,2024-12-23 23:58:43,SESS_M7K0N,44,mobile,beauty
U389,P034,click,2024-12-24 01:47:41,SESS_T10Z8,167,tablet,food
U389,P073,share,2024-12-24 00:49:44,SESS_61Y2X,169,mobile,beauty
U389,P073,review,2024-12-24 01:52:27,SESS_2IKBU,198,mobile,beauty
U389,P024,wishlist,2024-12-24 00:09:00,SESS_EUGQV,44,mobile,fashion
U389,P047,compare,2024-12-24 04:07:17,SESS_8I8TA,100,mobile,books
U389,P022,wishlist,2024-12-24 04:00:59,SESS_1GAFU,103,mobile,fashion
U390,P026,add_to_cart,2024-03-16 16:06:33,SESS_YKATC,67,mobile,fashion
U390,P097,share,2024-03-16 16:40:35,SESS_G4GMA,113,tablet,toys
U390,P023,click,2024-03-16 17:02:59,SESS_6ZAZY,88,mobile,fashion
U390,P023,click,2024-03-16 17:19:42,SESS_453GK,44,mobile,fashion
U390,P013,share,2024-03-16 19:43:01,SESS_RNCKR,60,desktop,electronics
U390,P088,share,2024-03-16 20:07:03,SESS_TARTG,9,tablet,toys
U390,P091,add_to_cart,2024-03-16 21:12:39,SESS_ZA57H,85,desktop,toys
U390,P014,view,2024-03-16 17:07:34,SESS_NYA55,18,mobile,electronics
U391,P063,add_to_cart,2024-07-31 04:40:20,SESS_ZNMXB,203,mobile,sports
U391,P008,click,2024-07-31 05:30:51,SESS_KT6H6,372,desktop,electronics
U391,P046,wishlist,2024-07-31 04:57:26,SESS_EP720,330,desktop,books
U391,P003,click,2024-07-31 05:51:32,SESS_GOJGP,128,mobile,electronics
U391,P056,view,2024-07-31 07:51:32,SESS_37H4K,163,mobile,sports
U391,P025,share,2024-07-31 09:11:20,SESS_CXALL,390,desktop,fashion
U391,P056,share,2024-07-31 08:06:44,SESS_QIRJQ,371,mobile,sports
U391,P063,add_to_cart,2024-07-31 04:58:39,SESS_XOX3M,381,desktop,sports
U392,P078,click,2024-12-13 21:26:34,SESS_X9I0T,86,mobile,home
U392,P003,view,2024-12-13 21:34:56,SESS_DF3JP,72,tablet,electronics
U392,P015,purchase,2024-12-13 21:33:56,SESS_NGBLC,360,desktop,electronics
U392,P100,view,2024-12-13 21:47:43,SESS_QYJM3,88,desktop,toys
U392,P079,purchase,2024-12-13 21:54:58,SESS_F823Q,458,desktop,home
U392,P084,wishlist,2024-12-13 22:55:39,SESS_TXECE,340,tablet,home
U392,P083,review,2024-12-14 00:17:16,SESS_QOC4E,468,desktop,home
U392,P010,add_to_cart,2024-12-13 22:18:43,SESS_QLC65,537,desktop,electronics
U393,P009,view,2024-12-09 10:22:01,SESS_98KSF,34,desktop,electronics
U393,P012,view,2024-12-09 11:05:09,SESS_7WXGJ,41,mobile,electronics
U393,P075,click,2024-12-09 10:47:51,SESS_98W5G,85,desktop,beauty
U393,P003,purchase,2024-12-09 11:17:13,SESS_B3ISX,120,desktop,electronics
U393,P058,view,2024-12-09 11:44:05,SESS_JYIUL,53,mobile,sports
U393,P012,view,2024-12-09 10:53:26,SESS_TTXO2,14,mobile,electronics
U393,P014,view,2024-12-09 12:35:37,SESS_67WCD,32,mobile,electronics
U393,P002,view,2024-12-09 11:32:36,SESS_DOH59,16,tablet,electronics
U394,P072,click,2024-06-04 19:00:12,SESS_HQKJN,180,desktop,beauty
U394,P055,view,2024-06-04 19:21:01,SESS_7DDM6,76,mobile,sports
U394,P086,click,2024-06-04 20:46:40,SESS_3WTK4,367,desktop,home
U394,P077,click,2024-06-04 19:25:57,SESS_E6JRV,317,desktop,home
U394,P073,review,2024-06-04 21:04:56,SESS_GPHH6,600,tablet,beauty
U394,P073,review,2024-06-04 21:08:07,SESS_IAQ3J,137,desktop,beauty
U394,P083,review,2024-06-04 20:18:48,SESS_76B83,235,mobile,home
U394,P016,review,2024-06-04 19:50:57,SESS_FOK80,453,tablet,fashion
U395,P065,share,2024-10-16 05:49:34,SESS_OP0VE,87,desktop,beauty
U395,P079,click,2024-10-16 06:11:41,SESS_V5F4C,562,desktop,home
U395,P007,add_to_cart,2024-10-16 06:49:32,SESS_C1PMA,170,tablet,electronics
U395,P012,compare,2024-10-16 06:09:13,SESS_OAJB6,552,mobile,electronics
U395,P084,compare,2024-10-16 08:47:58,SESS_E7COC,362,mobile,home
U395,P085,purchase,2024-10-16 08:04:29,SESS_W31Q5,203,mobile,home
U395,P005,click,2024-10-16 11:38:52,SESS_JJAR4,233,mobile,electronics
U395,P077,review,2024-10-16 08:45:37,SESS_UGZ40,339,desktop,home
U396,P015,add_to_cart,2024-07-01 17:43:54,SESS_ZVGIM,570,desktop,electronics
U396,P074,click,2024-07-01 18:41:41,SESS_HPALW,101,desktop,beauty
U396,P087,purchase,2024-07-01 18:00:00,SESS_L13IC,241,desktop,home
U396,P014,view,2024-07-01 18:59:42,SESS_1WW8P,60,tablet,electronics
U396,P080,purchase,2024-07-01 19:35:06,SESS_AR42D,165,desktop,home
U396,P011,add_to_cart,2024-07-01 19:34:59,SESS_4KDA2,344,desktop,electronics
U396,P069,compare,2024-07-01 21:58:18,SESS_WLNM2,310,desktop,beauty
U396,P073,purchase,2024-07-02 00:24:04,SESS_Q6771,285,desktop,beauty
U397,P075,share,2024-12-06 00:05:50,SESS_LG770,111,mobile,beauty
U397,P098,view,2024-12-06 00:51:52,SESS_RLGFR,53,desktop,toys
U397,P025,add_to_cart,2024-12-06 02:03:32,SESS_9LF2O,37,desktop,fashion
U397,P097,view,2024-12-06 00:21:08,SESS_3XMBA,40,mobile,toys
U397,P099,view,2024-12-06 00:44:58,SESS_KO0QL,58,desktop,toys
U397,P091,add_to_cart,2024-12-06 03:38:25,SESS_5NIFK,14,mobile,toys
U397,P028,view,2024-12-06 03:41:08,SESS_MA2H5,9,mobile,food
U397,P095,view,2024-12-06 01:21:33,SESS_SX696,17,desktop,toys
U398,P061,view,2024-01-16 22:46:14,SESS_22BI9,167,tablet,sports
U398,P057,view,2024-01-16 22:53:09,SESS_TKP2P,162,mobile,sports
U398,P055,view,2024-01-16 23:52:34,SESS_6T0YC,157,desktop,sports
U398,P063,compare,2024-01-17 00:31:20,SESS_72Q4M,353,desktop,sports
U398,P006,share,2024-01-16 23:06:06,SESS_H6SW3,476,desktop,electronics
U398,P063,click,2024-01-16 23:08:24,SESS_FWUNI,145,desktop,sports
U398,P031,compare,2024-01-17 00:09:26,SESS_X5HY9,279,tablet,food
U398,P012,compare,2024-01-17 02:35:08,SESS_ANAE2,127,desktop,electronics
U399,P012,wishlist,2024-02-11 05:08:37,SESS_3RF76,58,tablet,electronics
U399,P012,compare,2024-02-11 05:54:44,SESS_EZ4UI,71,mobile,electronics
U399,P093,share,2024-02-11 05:33:39,SESS_MYF01,51,mobile,toys
U399,P017,view,2024-02-11 07:03:28,SESS_GJ9U6,42,desktop,fashion
U399,P061,click,2024-02-11 05:35:09,SESS_N0WCZ,79,mobile,sports
U399,P086,compare,2024-02-11 06:55:27,SESS_P1F3A,76,mobile,home
U399,P018,compare,2024-02-11 11:04:19,SESS_0NTLR,60,desktop,fashion
U399,P023,click,2024-02-11 08:01:10,SESS_1EYN7,100,tablet,fashion
U400,P050,compare,2024-03-29 17:52:01,SESS_06ZCY,461,mobile,books
U400,P052,wishlist,2024-03-29 18:26:49,SESS_IZPYD,170,desktop,sports
U400,P059,share,2024-03-29 18:11:25,SESS_20NJR,210,desktop,sports
U400,P051,wishlist,2024-03-29 20:11:31,SESS_5511R,377,desktop,books
U400,P011,view,2024-03-29 19:42:49,SESS_SSM0D,140,desktop,electronics
U400,P002,compare,2024-03-29 20:18:31,SESS_UUKBI,242,desktop,electronics
U400,P045,share,2024-03-29 20:29:43,SESS_LZE6H,420,desktop,books
U400,P030,purchase,2024-03-29 20:56:28,SESS_7SNVC,185,mobile,food
U401,P095,wishlist,2024-10-02 08:34:14,SESS_U15UT,72,mobile,toys
U401,P087,view,2024-10-02 09:14:15,SESS_PIMRB,50,mobile,home
U401,P003,wishlist,2024-10-02 10:27:18,SESS_UCJI7,22,mobile,electronics
U401,P100,view,2024-10-02 10:17:08,SESS_O91D3,60,mobile,toys
U401,P098,view,2024-10-02 11:01:18,SESS_NM3A2,16,mobile,toys
U401,P022,click,2024-10-02 12:18:04,SESS_0RNWK,103,desktop,fashion
U401,P001,wishlist,2024-10-02 08:43:38,SESS_4ZH0Q,7,mobile,electronics
U401,P090,purchase,2024-10-02 11:06:43,SESS_59H2E,120,desktop,toys
U402,P039,add_to_cart,2024-02-01 09:42:11,SESS_84TYP,182,desktop,food
U402,P038,compare,2024-02-01 09:52:39,SESS_XUHXX,76,desktop,food
U402,P024,share,2024-02-01 10:47:53,SESS_RV3HO,108,mobile,fashion
U402,P037,add_to_cart,2024-02-01 10:21:02,SESS_SXF8L,141,mobile,food
U402,P026,wishlist,2024-02-01 09:59:35,SESS_ZYV9B,67,mobile,fashion
U402,P039,purchase,2024-02-01 14:00:31,SESS_DHZ0E,177,tablet,food
U402,P065,review,2024-02-01 12:08:23,SESS_B32IN,188,mobile,beauty
U402,P018,share,2024-02-01 15:58:26,SESS_OF4W2,164,mobile,fashion
U403,P048,click,2024-11-06 10:13:28,SESS_66CEV,512,desktop,books
U403,P004,view,2024-11-06 10:20:15,SESS_OMOMS,70,tablet,electronics
U403,P077,review,2024-11-06 11:44:56,SESS_LJ7XA,194,desktop,home
U403,P085,wishlist,2024-11-06 10:55:19,SESS_Y0J4Q,479,tablet,home
U403,P015,purchase,2024-11-06 14:08:00,SESS_PWA05,137,desktop,electronics
U403,P012,purchase,2024-11-06 12:16:43,SESS_Z0SFH,476,desktop,electronics
U403,P073,review,2024-11-06 12:56:34,SESS_37UKF,530,mobile,beauty
U403,P069,wishlist,2024-11-06 13:36:14,SESS_BTT9P,60,desktop,beauty
U404,P048,share,2024-11-29 04:21:33,SESS_7F1UP,114,mobile,books
U404,P090,share,2024-11-29 04:36:09,SESS_XI1S9,53,mobile,toys
U404,P026,view,2024-11-29 05:49:25,SESS_ZMXL2,58,tablet,fashion
U404,P023,click,2024-11-29 05:29:36,SESS_J3HIO,97,mobile,fashion
U404,P093,view,2024-11-29 06:21:45,SESS_6XR8Z,8,desktop,toys
U404,P094,click,2024-11-29 04:46:23,SESS_4L9EV,27,mobile,toys
U404,P033,view,2024-11-29 07:50:21,SESS_16YUS,24,mobile,food
U404,P022,view,2024-11-29 06:59:17,SESS_VQ0BC,42,desktop,fashion
U405,P096,share,2024-01-14 13:29:52,SESS_O7ZW0,174,mobile,toys
U405,P091,wishlist,2024-01-14 14:14:17,SESS_8TJHU,192,tablet,toys
U405,P036,add_to_cart,2024-01-14 13:46:46,SESS_HAK7T,159,desktop,food
U405,P074,view,2024-01-14 13:50:34,SESS_8UB1V,85,desktop,beauty
U405,P038,purchase,2024-01-14 13:51:04,SESS_3LQW3,129,desktop,food
U405,P031,purchase,2024-01-14 17:37:02,SESS_QPQ4B,281,mobile,food
U405,P096,purchase,2024-01-14 15:46:58,SESS_64623,124,desktop,toys
U405,P084,add_to_cart,2024-01-14 17:17:08,SESS_KYXAD,130,mobile,home
U406,P011,click,2024-10-20 16:33:01,SESS_3ZG1I,26,tablet,electronics
U406,P020,click,2024-10-20 17:11:37,SESS_LI3D3,70,mobile,fashion
U406,P022,share,2024-10-20 17:42:21,SESS_CEZ5X,75,desktop,fashion
U406,P040,compare,2024-10-20 18:24:40,SESS_89LPB,92,desktop,books
U406,P050,share,2024-10-20 17:34:05,SESS_PNRRV,87,mobile,books
U406,P098,share,2024-10-20 18:47:01,SESS_L1QGO,78,tablet,toys
U406,P027,click,2024-10-20 21:23:25,SESS_0LQ1M,97,mobile,fashion
U406,P033,view,2024-10-20 20:00:20,SESS_X8UBE,38,mobile,food
U407,P075,click,2024-02-10 00:16:08,SESS_2TMLP,99,mobile,beauty
U407,P064,click,2024-02-10 01:08:23,SESS_59AVH,99,mobile,beauty
U407,P091,view,2024-02-10 01:02:18,SESS_ZGRSP,20,tablet,toys
U407,P093,click,2024-02-10 02:40:02,SESS_IHTFK,118,mobile,toys
U407,P023,view,2024-02-10 00:41:08,SESS_L5MQT,65,desktop,fashion
U407,P096,view,2024-02-10 03:59:28,SESS_HFJY5,14,mobile,toys
U407,P096,purchase,2024-02-10 03:01:44,SESS_1ZY6N,120,tablet,toys
U407,P027,wishlist,2024-02-10 02:06:09,SESS_WAYM9,65,mobile,fashion
U408,P084,view,2024-12-03 23:25:11,SESS_72F08,65,desktop,home
U408,P039,view,2024-12-04 00:01:01,SESS_1A79O,82,mobile,food
U408,P065,share,2024-12-04 00:16:23,SESS_JNCTF,304,mobile,beauty
U408,P015,click,2024-12-04 00:50:32,SESS_IH6SP,255,desktop,electronics
U408,P064,add_to_cart,2024-12-04 01:31:07,SESS_U18MD,575,desktop,beauty
U408,P002,add_to_cart,2024-12-04 03:56:11,SESS_0NSGT,381,desktop,electronics
U408,P044,purchase,2024-12-03 23:51:53,SESS_YS5TH,415,mobile,books
U408,P078,purchase,2024-12-04 05:50:18,SESS_XKQ5H,227,mobile,home
U409,P058,view,2024-01-07 09:17:24,SESS_FO6SA,65,mobile,sports
U409,P061,view,2024-01-07 10:14:44,SESS_32YKC,10,mobile,sports
U409,P062,purchase,2024-01-07 11:16:36,SESS_9B7C8,120,mobile,sports
U409,P022,view,2024-01-07 11:54:21,SESS_8SNLC,53,mobile,fashion
U409,P025,compare,2024-01-07 13:14:28,SESS_8F6M1,66,desktop,fashion
U409,P094,view,2024-01-07 11:32:59,SESS_01002,16,tablet,toys
U409,P058,click,2024-01-07 13:44:18,SESS_DJXH3,84,mobile,sports
U409,P078,share,2024-01-07 11:36:56,SESS_CANRT,45,tablet,home
U410,P029,click,2024-03-26 18:27:38,SESS_56J61,156,mobile,food
U410,P064,click,2024-03-26 19:23:15,SESS_C7Y1W,105,mobile,beauty
U410,P028,compare,2024-03-26 19:56:50,SESS_7BPQJ,146,mobile,food
U410,P017,wishlist,2024-03-26 18:47:08,SESS_JULJ3,53,mobile,fashion
U410,P032,share,2024-03-26 21:09:42,SESS_GA2SY,150,mobile,food
U410,P028,review,2024-03-26 23:25:58,SESS_9MDPO,60,mobile,food
U410,P085,wishlist,2024-03-26 20:50:26,SESS_841RI,192,mobile,home
U410,P019,share,2024-03-26 20:55:41,SESS_II81N,199,desktop,fashion
U411,P013,compare,2024-08-21 03:42:20,SESS_I8K17,297,desktop,electronics
U411,P079,click,2024-08-21 04:23:44,SESS_J4UMS,255,mobile,home
U411,P086,click,2024-08-21 03:57:26,SESS_KOIEX,587,desktop,home
U411,P013,review,2024-08-21 06:02:44,SESS_SRDV4,180,desktop,electronics
U411,P095,click,2024-08-21 04:02:32,SESS_WRKQY,169,desktop,toys
U411,P080,review,2024-08-21 03:50:40,SESS_BZMT6,343,tablet,home
U411,P086,share,2024-08-21 08:57:14,SESS_HKKNN,65,desktop,home
U411,P087,click,2024-08-21 06:08:52,SESS_42JFU,61,mobile,home
U412,P006,wishlist,2024-03-22 19:55:17,SESS_2YVKL,312,desktop,electronics
U412,P003,view,2024-03-22 20:49:07,SESS_ZRPE7,86,desktop,electronics
U412,P004,purchase,2024-03-22 20:10:45,SESS_POSQF,547,desktop,electronics
U412,P079,add_to_cart,2024-03-22 20:53:05,SESS_F38IW,71,mobile,home
U412,P079,purchase,2024-03-22 20:36:17,SESS_05OST,297,mobile,home
U412,P071,review,2024-03-22 21:39:17,SESS_ZBDWV,371,desktop,beauty
U412,P071,add_to_cart,2024-03-23 00:29:11,SESS_QQJVW,487,desktop,beauty
U412,P081,review,2024-03-22 23:08:15,SESS_9MRQV,156,desktop,home
U413,P052,view,2024-03-18 21:27:13,SESS_6O60D,8,mobile,sports
U413,P053,click,2024-03-18 22:02:08,SESS_8LWKH,65,tablet,sports
U413,P026,click,2024-03-18 23:17:29,SESS_SX2YP,78,mobile,fashion
U413,P095,view,2024-03-18 22:54:13,SESS_I1EJ4,33,tablet,toys
U413,P083,compare,2024-03-18 22:01:21,SESS_7N3YT,64,mobile,home
U413,P089,view,2024-03-19 00:19:38,SESS_1W4S6,15,mobile,toys
U413,P025,share,2024-03-18 21:43:43,SESS_WKZM9,104,mobile,fashion
U413,P027,view,2024-03-19 03:11:37,SESS_2H6HT,28,mobile,fashion
U414,P034,add_to_cart,2024-01-09 11:10:38,SESS_JT7D0,31,mobile,food
U414,P052,add_to_cart,2024-01-09 11:36:51,SESS_OF19B,246,mobile,sports
U414,P100,compare,2024-01-09 12:19:00,SESS_FO0GU,229,tablet,toys
U414,P054,add_to_cart,2024-01-09 11:55:50,SESS_0JVR3,106,tablet,sports
U414,P097,add_to_cart,2024-01-09 12:07:50,SESS_3O3LJ,217,desktop,toys
U414,P050,purchase,2024-01-09 11:38:28,SESS_64L90,156,mobile,books
U414,P013,purchase,2024-01-09 16:46:56,SESS_RELZA,282,mobile,electronics
U414,P039,view,2024-01-09 11:46:48,SESS_8FN2B,37,mobile,food
U415,P023,view,2024-09-21 21:25:18,SESS_1ADFQ,50,desktop,fashion
U415,P022,view,2024-09-21 21:48:32,SESS_A51GZ,15,mobile,fashion
U415,P012,view,2024-09-21 22:37:10,SESS_TD6OO,64,tablet,electronics
U415,P088,view,2024-09-21 22:39:30,SESS_L8O9I,9,mobile,toys
U415,P020,share,2024-09-21 22:03:42,SESS_MBK39,70,mobile,fashion
U415,P091,click,2024-09-21 21:37:33,SESS_O6L2M,89,tablet,toys
U415,P004,view,2024-09-22 02:18:36,SESS_W9I5F,54,desktop,electronics
U415,P082,click,2024-09-22 00:46:12,SESS_8KAIW,40,mobile,home
U416,P085,view,2024-02-14 05:48:18,SESS_IF806,59,desktop,home
U416,P089,view,2024-02-14 06:24:45,SESS_BLIEN,81,mobile,toys
U416,P096,add_to_cart,2024-02-14 06:39:00,SESS_LNOLB,35,tablet,toys
U416,P083,view,2024-02-14 06:23:18,SESS_WNUT6,47,mobile,home
U416,P033,compare,2024-02-14 08:32:30,SESS_U4ZVX,298,tablet,food
U416,P090,review,2024-02-14 07:17:23,SESS_LANGX,76,mobile,toys
U416,P100,purchase,2024-02-14 08:23:00,SESS_CVRSV,175,mobile,toys
U416,P100,add_to_cart,2024-02-14 12:00:56,SESS_53MXY,282,mobile,toys
U417,P077,view,2024-03-17 15:31:33,SESS_NL72P,26,mobile,home
U417,P038,add_to_cart,2024-03-17 16:25:22,SESS_Q0S9A,39,mobile,food
U417,P099,click,2024-03-17 16:57:33,SESS_UJ1U5,89,mobile,toys
U417,P024,add_to_cart,2024-03-17 17:47:12,SESS_00EEO,19,mobile,fashion
U417,P040,wishlist,2024-03-17 17:57:49,SESS_4LTV5,47,tablet,books
U417,P009,view,2024-03-17 15:41:58,SESS_GK4MB,58,desktop,electronics
U417,P006,click,2024-03-17 20:28:21,SESS_H8S3P,107,mobile,electronics
U417,P002,wishlist,2024-03-17 16:11:13,SESS_DZUP6,86,mobile,electronics
U418,P083,wishlist,2024-12-07 19:06:28,SESS_JSFY0,298,tablet,home
U418,P028,click,2024-12-07 20:02:40,SESS_JSU4V,194,desktop,food
U418,P076,review,2024-12-07 19:28:44,SESS_AI0JP,166,tablet,home
U418,P089,wishlist,2024-12-07 20:29:28,SESS_M47WH,176,tablet,toys
U418,P032,add_to_cart,2024-12-07 21:27:20,SESS_U1KDJ,50,desktop,food
U418,P099,share,2024-12-07 21:01:38,SESS_G514A,105,tablet,toys
U418,P094,add_to_cart,2024-12-07 20:28:46,SESS_O6YU3,215,mobile,toys
U418,P077,purchase,2024-12-07 19:19:46,SESS_Y4HI5,129,desktop,home
U419,P054,click,2024-09-03 00:32:52,SESS_SMTSV,75,desktop,sports
U419,P085,view,2024-09-03 00:59:09,SESS_XV38P,70,mobile,home
U419,P002,review,2024-09-03 01:39:02,SESS_M6EH0,412,tablet,electronics
U419,P084,review,2024-09-03 03:15:25,SESS_8F874,197,tablet,home
U419,P083,view,2024-09-03 00:44:08,SESS_PUN6E,84,desktop,home
U419,P083,add_to_cart,2024-09-03 02:42:22,SESS_YJ94K,312,desktop,home
U419,P003,share,2024-09-03 05:40:16,SESS_Z3PXP,539,tablet,electronics
U419,P082,purchase,2024-09-03 06:35:42,SESS_JRW1Z,169,mobile,home
U420,P024,view,2024-04-24 16:09:59,SESS_QUO2X,38,mobile,fashion
U420,P033,click,2024-04-24 16:23:50,SESS_50KEH,67,tablet,food
U420,P066,purchase,2024-04-24 17:56:19,SESS_RQGQN,163,mobile,beauty
U420,P066,view,2024-04-24 17:10:41,SESS_SPBZG,24,mobile,beauty
U420,P035,wishlist,2024-04-24 18:31:59,SESS_5G212,83,mobile,food
U420,P045,review,2024-04-24 20:45:09,SESS_VQR5U,122,mobile,books
U420,P067,add_to_cart,2024-04-24 20:37:41,SESS_B97LC,117,desktop,beauty
U420,P097,compare,2024-04-24 19:33:34,SESS_0QQXC,192,desktop,toys
U421,P019,wishlist,2024-06-09 21:13:44,SESS_WKW9V,95,tablet,fashion
U421,P093,click,2024-06-09 21:26:32,SESS_IW8BW,63,mobile,toys
U421,P018,click,2024-06-09 21:42:34,SESS_S2N3K,77,tablet,fashion
U421,P097,view,2024-06-09 22:54:44,SESS_TW32A,40,desktop,toys
U421,P002,wishlist,2024-06-09 22:06:16,SESS_SOOCG,15,mobile,electronics
U421,P017,view,2024-06-10 00:37:34,SESS_11UOD,49,desktop,fashion
U421,P011,click,2024-06-09 21:20:20,SESS_ZWMZ6,39,mobile,electronics
U421,P098,view,2024-06-10 03:05:01,SESS_Y8PZE,24,tablet,toys
U422,P065,click,2024-01-18 10:15:13,SESS_Q0CX5,37,mobile,beauty
U422,P067,share,2024-01-18 10:47:50,SESS_NQRPJ,97,desktop,beauty
U422,P024,share,2024-01-18 11:01:15,SESS_BXAZV,81,mobile,fashion
U422,P017,click,2024-01-18 12:38:37,SESS_W5B2D,89,tablet,fashion
U422,P020,compare,2024-01-18 12:06:29,SESS_59VRY,90,mobile,fashion
U422,P023,view,2024-01-18 11:18:18,SESS_KIOS3,55,tablet,fashion
U422,P006,wishlist,2024-01-18 12:59:37,SESS_74UZ5,46,mobile,electronics
U422,P083,view,2024-01-18 16:10:42,SESS_A810X,16,mobile,home
U423,P022,view,2024-08-19 05:24:36,SESS_OY7GN,21,desktop,fashion
U423,P091,click,2024-08-19 06:11:21,SESS_7DUG8,61,mobile,toys
U423,P019,click,2024-08-19 07:10:38,SESS_BLW4O,56,mobile,fashion
U423,P094,view,2024-08-19 05:57:18,SESS_ZE9MC,21,mobile,toys
U423,P100,purchase,2024-08-19 08:25:32,SESS_BK6DH,120,desktop,toys
U423,P051,purchase,2024-08-19 09:45:06,SESS_WYIO7,120,tablet,books
U423,P073,purchase,2024-08-19 08:11:18,SESS_PQCMS,120,mobile,beauty
U423,P085,wishlist,2024-08-19 06:17:27,SESS_LZG3R,11,desktop,home
U424,P019,compare,2024-03-25 05:34:11,SESS_SH3PF,247,desktop,fashion
U424,P056,view,2024-03-25 06:09:17,SESS_RY09S,131,desktop,sports
U424,P051,share,2024-03-25 07:24:55,SESS_ODP9N,405,desktop,books
U424,P057,add_to_cart,2024-03-25 06:03:44,SESS_YLRA9,343,mobile,sports
U424,P030,review,2024-03-25 08:52:59,SESS_G72MF,344,desktop,food
U424,P012,compare,2024-03-25 07:38:51,SESS_2VORF,389,desktop,electronics
U424,P092,share,2024-03-25 10:16:59,SESS_MBY6I,125,tablet,toys
U424,P057,compare,2024-03-25 06:04:38,SESS_SBTL0,299,desktop,sports
U425,P052,view,2024-05-11 10:17:17,SESS_DUX63,151,desktop,sports
U425,P056,click,2024-05-11 10:23:42,SESS_VQ308,312,mobile,sports
U425,P056,add_to_cart,2024-05-11 11:04:23,SESS_IHKPJ,413,desktop,sports
U425,P010,compare,2024-05-11 10:50:32,SESS_F5Y7G,178,desktop,electronics
U425,P042,click,2024-05-11 11:40:29,SESS_H5RKL,285,tablet,books
U425,P001,wishlist,2024-05-11 13:58:27,SESS_AR1AR,448,desktop,electronics
U425,P044,review,2024-05-11 14:23:53,SESS_RI8NU,499,tablet,books
U425,P060,view,2024-05-11 16:23:16,SESS_K9IPH,148,desktop,sports
U426,P084,click,2024-07-22 11:46:46,SESS_Y65QI,319,tablet,home
U426,P073,share,2024-07-22 11:52:10,SESS_7IUGR,548,desktop,beauty
U426,P086,click,2024-07-22 12:08:06,SESS_IJQN6,134,desktop,home
U426,P024,wishlist,2024-07-22 14:40:16,SESS_SLR5T,286,mobile,fashion
U426,P064,purchase,2024-07-22 11:58:30,SESS_7LAK0,344,mobile,beauty
U426,P080,view,2024-07-22 16:00:41,SESS_UUJ7K,68,tablet,home
U426,P089,compare,2024-07-22 13:09:52,SESS_VI5B9,476,desktop,toys
U426,P015,review,2024-07-22 16:46:22,SESS_8L6VT,465,tablet,electronics
U427,P025,click,2024-03-13 04:45:19,SESS_SU1LQ,88,tablet,fashion
U427,P100,click,2024-03-13 04:59:18,SESS_Q7IVQ,33,mobile,toys
U427,P046,share,2024-03-13 05:43:33,SESS_ARUR3,47,tablet,books
U427,P011,click,2024-03-13 05:45:07,SESS_9XPFO,83,tablet,electronics
U427,P011,view,2024-03-13 06:49:51,SESS_WZYFM,33,mobile,electronics
U427,P019,view,2024-03-13 08:22:19,SESS_KCMRC,33,mobile,fashion
U427,P100,click,2024-03-13 06:45:07,SESS_2LD52,113,mobile,toys
U427,P098,click,2024-03-13 04:55:42,SESS_RZ1Y3,51,mobile,toys
U428,P007,click,2024-08-28 05:39:17,SESS_8BQZA,144,desktop,electronics
U428,P085,click,2024-08-28 05:52:41,SESS_CEDNI,520,desktop,home
U428,P035,review,2024-08-28 06:52:21,SESS_7IU31,174,mobile,food
U428,P032,view,2024-08-28 07:19:08,SESS_DI5PG,62,tablet,food
U428,P067,view,2024-08-28 08:15:57,SESS_J7H42,108,desktop,beauty
U428,P078,add_to_cart,2024-08-28 07:58:57,SESS_PYBOR,418,desktop,home
U428,P012,share,2024-08-28 11:09:05,SESS_LDA71,512,desktop,electronics
U428,P076,purchase,2024-08-28 07:11:41,SESS_L30X0,400,mobile,home
U429,P009,click,2024-12-20 03:56:39,SESS_MS12W,143,desktop,electronics
U429,P040,add_to_cart,2024-12-20 04:03:29,SESS_N207K,245,mobile,books
U429,P062,view,2024-12-20 05:43:17,SESS_YEMNN,147,mobile,sports
U429,P051,click,2024-12-20 06:15:30,SESS_XBB3M,274,mobile,books
U429,P054,view,2024-12-20 06:11:03,SESS_A5UY7,144,desktop,sports
U429,P045,share,2024-12-20 06:00:29,SESS_04XSB,467,desktop,books
U429,P048,add_to_cart,2024-12-20 06:02:33,SESS_R5KLS,500,mobile,books
U429,P055,add_to_cart,2024-12-20 04:34:27,SESS_215YJ,451,desktop,sports
U430,P082,click,2024-09-01 22:17:24,SESS_V10JH,191,mobile,home
U430,P036,wishlist,2024-09-01 22:55:31,SESS_2PW4D,12,mobile,food
U430,P035,view,2024-09-01 23:38:30,SESS_SQC38,42,tablet,food
U430,P084,share,2024-09-01 22:41:24,SESS_IA4TN,37,mobile,home
U430,P064,view,2024-09-01 23:30:16,SESS_L7NFP,17,mobile,beauty
U430,P065,add_to_cart,2024-09-02 00:39:44,SESS_VQG52,159,mobile,beauty
U430,P038,review,2024-09-02 00:29:54,SESS_RNTWX,175,mobile,food
U430,P041,share,2024-09-02 04:34:14,SESS_R7BJN,31,mobile,books
U431,P081,view,2024-04-08 01:13:37,SESS_JDGJ8,73,desktop,home
U431,P037,share,2024-04-08 01:42:53,SESS_0K9JX,88,tablet,food
U431,P096,view,2024-04-08 02:36:49,SESS_S3EV3,81,mobile,toys
U431,P081,wishlist,2024-04-08 02:20:34,SESS_63YA2,174,desktop,home
U431,P080,wishlist,2024-04-08 02:31:21,SESS_AGYGG,109,mobile,home
U431,P036,add_to_cart,2024-04-08 05:57:32,SESS_8Z3HJ,92,tablet,food
U431,P028,purchase,2024-04-08 03:43:37,SESS_JE8NF,243,mobile,food
U431,P096,purchase,2024-04-08 05:24:34,SESS_6XSGA,160,mobile,toys
U432,P012,click,2024-03-14 01:39:37,SESS_WR70I,57,mobile,electronics
U432,P003,review,2024-03-14 01:49:10,SESS_Q6PK5,81,tablet,electronics
U432,P025,click,2024-03-14 02:21:35,SESS_1TQZ1,79,desktop,fashion
U432,P056,click,2024-03-14 02:22:19,SESS_2HRWR,115,tablet,sports
U432,P082,click,2024-03-14 04:57:17,SESS_38AYI,88,mobile,home
U432,P091,wishlist,2024-03-14 01:55:27,SESS_GO6ZH,18,mobile,toys
U432,P019,click,2024-03-14 03:10:31,SESS_TTGDL,90,tablet,fashion
U432,P002,click,2024-03-14 04:00:12,SESS_TAIEC,20,tablet,electronics
U433,P067,view,2024-07-24 06:01:55,SESS_J56UT,11,mobile,beauty
U433,P014,view,2024-07-24 06:57:46,SESS_DY1AP,16,mobile,electronics
U433,P005,click,2024-07-24 06:23:11,SESS_O9GF5,68,mobile,electronics
U433,P015,compare,2024-07-24 07:13:52,SESS_D29F8,87,tablet,electronics
U433,P006,view,2024-07-24 07:59:27,SESS_ECKC5,59,desktop,electronics
U433,P088,click,2024-07-24 10:08:55,SESS_WSB9R,50,mobile,toys
U433,P082,share,2024-07-24 06:28:13,SESS_9HT1U,108,desktop,home
U433,P016,click,2024-07-24 07:56:50,SESS_QHS9C,40,desktop,fashion
U434,P054,view,2024-03-16 17:38:00,SESS_M2XG2,150,mobile,sports
U434,P056,click,2024-03-16 18:14:03,SESS_36QST,391,desktop,sports
U434,P047,click,2024-03-16 17:56:00,SESS_67F2H,189,desktop,books
U434,P045,click,2024-03-16 18:03:57,SESS_KYYT8,271,desktop,books
U434,P055,share,2024-03-16 20:00:08,SESS_T2MJT,149,desktop,sports
U434,P054,compare,2024-03-16 19:15:00,SESS_1HOVS,364,tablet,sports
U434,P062,review,2024-03-16 17:50:54,SESS_K7TTM,126,tablet,sports
U434,P001,compare,2024-03-16 18:10:54,SESS_0E2D5,236,desktop,electronics
U435,P079,view,2024-10-01 10:06:49,SESS_3NPPA,33,mobile,home
U435,P037,click,2024-10-01 10:22:04,SESS_LA7FG,226,mobile,food
U435,P034,wishlist,2024-10-01 10:26:37,SESS_1O7IN,179,mobile,food
U435,P031,click,2024-10-01 10:22:52,SESS_RYE2K,268,tablet,food
U435,P077,purchase,2024-10-01 13:04:41,SESS_UBC6A,205,mobile,home
U435,P038,purchase,2024-10-01 14:45:44,SESS_PIVD2,181,mobile,food
U435,P038,share,2024-10-01 11:14:13,SESS_Z392N,80,mobile,food
U435,P094,view,2024-10-01 12:34:38,SESS_U8NQP,35,desktop,toys
U436,P006,view,2024-05-22 14:37:49,SESS_Z5WW4,164,desktop,electronics
U436,P034,compare,2024-05-22 15:00:22,SESS_S7SZ4,388,desktop,food
U436,P087,share,2024-05-22 15:13:51,SESS_D8L8D,252,mobile,home
U436,P044,compare,2024-05-22 16:23:22,SESS_LNKOH,464,tablet,books
U436,P059,compare,2024-05-22 17:56:45,SESS_JU7YO,284,desktop,sports
U436,P009,review,2024-05-22 18:55:29,SESS_3GAE9,166,tablet,electronics
U436,P047,view,2024-05-22 15:26:31,SESS_H5EYQ,154,desktop,books
U436,P062,compare,2024-05-22 15:26:42,SESS_QBILV,303,tablet,sports
U437,P065,click,2024-01-05 17:51:20,SESS_X0L42,118,desktop,beauty
U437,P032,view,2024-01-05 18:21:05,SESS_5H1G8,105,tablet,food
U437,P005,review,2024-01-05 18:57:54,SESS_LKOPJ,600,mobile,electronics
U437,P011,add_to_cart,2024-01-05 18:54:29,SESS_ECC7J,116,mobile,electronics
U437,P065,purchase,2024-01-05 19:27:36,SESS_WI7PL,153,tablet,beauty
U437,P080,purchase,2024-01-05 22:16:10,SESS_7DP5U,281,mobile,home
U437,P086,review,2024-01-05 18:39:38,SESS_D5R9X,289,desktop,home
U437,P087,review,2024-01-05 19:53:57,SESS_W1ARV,106,desktop,home
U438,P071,click,2024-08-11 22:19:33,SESS_E2S9J,390,desktop,beauty
U438,P059,view,2024-08-11 22:54:34,SESS_IJI93,114,desktop,sports
U438,P071,view,2024-08-11 23:52:19,SESS_P1F84,64,desktop,beauty
U438,P100,review,2024-08-11 22:32:30,SESS_JAURC,178,desktop,toys
U438,P073,purchase,2024-08-11 23:36:53,SESS_X0MUL,523,desktop,beauty
U438,P069,purchase,2024-08-12 01:39:13,SESS_FCJ0O,378,mobile,beauty
U438,P032,click,2024-08-12 02:45:45,SESS_DV5BY,450,mobile,food
U438,P073,view,2024-08-12 02:41:07,SESS_90BSH,108,mobile,beauty
U439,P093,click,2024-11-15 02:36:43,SESS_F3FIC,198,mobile,toys
U439,P076,wishlist,2024-11-15 03:26:04,SESS_3SM1P,247,mobile,home
U439,P032,view,2024-11-15 03:16:49,SESS_2RZGH,71,mobile,food
U439,P078,share,2024-11-15 03:00:25,SESS_YLFVG,254,desktop,home
U439,P053,add_to_cart,2024-11-15 04:59:27,SESS_QWWFB,198,tablet,sports
U439,P079,compare,2024-11-15 06:20:28,SESS_3A1NY,249,desktop,home
U439,P100,compare,2024-11-15 06:51:13,SESS_IK2RQ,149,mobile,toys
U439,P098,click,2024-11-15 08:09:06,SESS_2CUDL,82,desktop,toys
U440,P041,view,2024-04-02 23:10:52,SESS_G8YGJ,156,desktop,books
U440,P012,click,2024-04-02 23:18:56,SESS_GF0G4,137,desktop,electronics
U440,P075,compare,2024-04-03 00:17:38,SESS_C11UH,173,desktop,beauty
U440,P057,share,2024-04-03 00:43:52,SESS_8HWE8,177,desktop,sports
U440,P030,add_to_cart,2024-04-02 23:29:36,SESS_SW3HC,174,desktop,food
U440,P014,share,2024-04-03 00:47:57,SESS_ZT22T,221,desktop,electronics
U440,P059,compare,2024-04-03 04:46:04,SESS_IEIHC,248,desktop,sports
U440,P014,review,2024-04-03 01:45:13,SESS_B45AL,239,tablet,electronics
U441,P015,view,2024-07-16 04:09:28,SESS_DESY3,96,desktop,electronics
U441,P076,purchase,2024-07-16 04:19:46,SESS_0TRVT,204,tablet,home
U441,P069,click,2024-07-16 04:21:02,SESS_9PKL4,300,mobile,beauty
U441,P007,add_to_cart,2024-07-16 06:31:55,SESS_6C6ZH,298,mobile,electronics
U441,P012,add_to_cart,2024-07-16 04:38:56,SESS_99VMH,310,desktop,electronics
U441,P044,wishlist,2024-07-16 05:33:03,SESS_RW9A8,557,desktop,books
U441,P007,click,2024-07-16 07:55:58,SESS_U56K7,589,mobile,electronics
U441,P007,add_to_cart,2024-07-16 06:25:37,SESS_QYEPJ,549,mobile,electronics
U442,P013,click,2024-11-02 13:11:08,SESS_4UVM6,453,tablet,electronics
U442,P018,view,2024-11-02 13:42:52,SESS_960BM,95,tablet,fashion
U442,P014,click,2024-11-02 14:48:04,SESS_9L7TU,484,desktop,electronics
U442,P056,add_to_cart,2024-11-02 14:20:59,SESS_8Q9ZT,141,tablet,sports
U442,P078,view,2024-11-02 14:41:00,SESS_J7W69,118,desktop,home
U442,P082,purchase,2024-11-02 14:51:53,SESS_A2B0X,529,desktop,home
U442,P040,share,2024-11-02 13:26:56,SESS_C55C5,417,desktop,books
U442,P086,purchase,2024-11-02 17:50:54,SESS_CJ28M,385,mobile,home
U443,P076,view,2024-01-06 06:18:31,SESS_O4JQT,43,mobile,home
U443,P093,view,2024-01-06 06:47:15,SESS_A9TV4,55,mobile,toys
U443,P076,view,2024-01-06 06:46:47,SESS_TZV0D,62,mobile,home
U443,P034,add_to_cart,2024-01-06 08:41:01,SESS_XCYNL,41,mobile,food
U443,P035,review,2024-01-06 10:14:39,SESS_CRCPJ,265,mobile,food
U443,P079,review,2024-01-06 11:07:51,SESS_3WY61,100,desktop,home
U443,P082,purchase,2024-01-06 07:30:55,SESS_N8DS7,191,mobile,home
U443,P086,purchase,2024-01-06 12:28:14,SESS_GYDXI,250,tablet,home
U444,P047,click,2024-02-04 04:23:23,SESS_7YKRZ,109,desktop,books
U444,P099,click,2024-02-04 05:03:36,SESS_D46KT,78,tablet,toys
U444,P010,add_to_cart,2024-02-04 05:17:51,SESS_M1T6I,106,mobile,electronics
U444,P024,wishlist,2024-02-04 07:10:20,SESS_SUXRI,55,desktop,fashion
U444,P022,review,2024-02-04 08:20:27,SESS_U7QBI,114,mobile,fashion
U444,P014,click,2024-02-04 05:10:13,SESS_P4ULP,63,mobile,electronics
U444,P016,add_to_cart,2024-02-04 05:02:47,SESS_VV6F4,21,mobile,fashion
U444,P091,view,2024-02-04 07:58:17,SESS_5R7A2,31,desktop,toys
U445,P069,wishlist,2024-08-11 08:53:51,SESS_0H6VY,485,desktop,beauty
U445,P083,click,2024-08-11 09:27:42,SESS_79JMQ,539,tablet,home
U445,P087,view,2024-08-11 09:07:31,SESS_M8JKX,110,desktop,home
U445,P069,add_to_cart,2024-08-11 10:03:09,SESS_EOWR8,333,tablet,beauty
U445,P081,purchase,2024-08-11 12:11:35,SESS_YR77Y,227,mobile,home
U445,P078,view,2024-08-11 10:52:46,SESS_AUMHA,88,mobile,home
U445,P090,purchase,2024-08-11 13:49:15,SESS_ZFOLS,404,desktop,toys
U445,P054,review,2024-08-11 14:09:05,SESS_93AOP,91,desktop,sports
U446,P020,click,2024-06-29 11:10:03,SESS_6V39H,51,mobile,fashion
U446,P077,click,2024-06-29 11:26:20,SESS_R5QSF,67,mobile,home
U446,P025,view,2024-06-29 11:38:23,SESS_8PM4Y,56,mobile,fashion
U446,P016,view,2024-06-29 13:17:12,SESS_CPRCW,14,mobile,fashion
U446,P001,click,2024-06-29 12:07:43,SESS_H4L0A,31,tablet,electronics
U446,P003,wishlist,2024-06-29 13:42:33,SESS_UZ1KK,75,mobile,electronics
U446,P097,add_to_cart,2024-06-29 15:26:09,SESS_WEYUK,120,mobile,toys
U446,P009,view,2024-06-29 14:57:47,SESS_96J6V,11,tablet,electronics
U447,P049,purchase,2024-01-11 16:16:05,SESS_99VNP,341,desktop,books
U447,P049,share,2024-01-11 16:36:53,SESS_3UHR5,466,desktop,books
U447,P036,wishlist,2024-01-11 17:10:37,SESS_IZIWW,286,mobile,food
U447,P054,compare,2024-01-11 17:56:20,SESS_2YCQH,158,desktop,sports
U447,P006,view,2024-01-11 18:15:57,SESS_PVK4W,163,desktop,electronics
U447,P059,click,2024-01-11 19:31:40,SESS_Z1R50,460,desktop,sports
U447,P018,compare,2024-01-11 19:20:41,SESS_PSRRT,435,mobile,fashion
U447,P007,compare,2024-01-11 23:12:28,SESS_2V58N,213,tablet,electronics
U448,P002,click,2024-10-15 19:22:25,SESS_FKJZA,108,mobile,electronics
U448,P100,purchase,2024-10-15 19:40:26,SESS_2IC7P,120,mobile,toys
U448,P094,view,2024-10-15 20:13:13,SESS_LCHHC,10,mobile,toys
U448,P024,view,2024-10-15 20:46:25,SESS_PI53R,49,mobile,fashion
U448,P011,add_to_cart,2024-10-15 20:41:33,SESS_UD8M8,107,mobile,electronics
U448,P002,purchase,2024-10-15 23:26:25,SESS_94QQI,120,tablet,electronics
U448,P014,share,2024-10-15 19:30:43,SESS_D5KGF,110,desktop,electronics
U448,P015,review,2024-10-16 01:16:16,SESS_YJ9OH,84,mobile,electronics
U449,P064,view,2024-08-18 12:23:39,SESS_LD8IT,12,tablet,beauty
U449,P017,wishlist,2024-08-18 13:13:12,SESS_49BKB,90,desktop,fashion
U449,P025,share,2024-08-18 13:49:05,SESS_867WC,48,mobile,fashion
U449,P027,share,2024-08-18 15:09:48,SESS_719VP,93,mobile,fashion
U449,P070,view,2024-08-18 14:36:35,SESS_M4GL5,58,mobile,beauty
U449,P074,share,2024-08-18 15:19:19,SESS_OD0R4,37,desktop,beauty
U449,P065,share,2024-08-18 14:32:33,SESS_U3DB8,15,tablet,beauty
U449,P033,wishlist,2024-08-18 16:24:48,SESS_BGRT4,93,tablet,food
U450,P020,click,2024-10-12 02:30:41,SESS_9JFO2,7,mobile,fashion
U450,P016,view,2024-10-12 03:27:36,SESS_EPSO1,16,mobile,fashion
U450,P095,view,2024-10-12 02:52:11,SESS_JOUSK,60,tablet,toys
U450,P026,click,2024-10-12 04:03:35,SESS_XBT6H,51,mobile,fashion
U450,P010,wishlist,2024-10-12 06:09:29,SESS_QODBJ,115,mobile,electronics
U450,P001,wishlist,2024-10-12 05:03:16,SESS_AY5M8,95,desktop,electronics
U450,P015,click,2024-10-12 05:50:29,SESS_TGKNQ,18,mobile,electronics
U450,P023,wishlist,2024-10-12 06:04:46,SESS_PED02,27,mobile,fashion
U451,P055,view,2024-08-15 15:43:48,SESS_VFNQG,28,desktop,sports
U451,P007,compare,2024-08-15 16:16:27,SESS_6KY6Y,66,mobile,electronics
U451,P073,click,2024-08-15 16:22:20,SESS_3YW1V,113,mobile,beauty
U451,P002,view,2024-08-15 18:25:21,SESS_F12CH,11,desktop,electronics
U451,P003,click,2024-08-15 19:32:44,SESS_X245G,11,desktop,electronics
U451,P008,view,2024-08-15 17:55:38,SESS_7W5WL,30,mobile,electronics
U451,P007,purchase,2024-08-15 16:51:54,SESS_9O2M4,120,mobile,electronics
U451,P033,view,2024-08-15 22:42:31,SESS_NR73W,16,mobile,food
U452,P007,click,2024-01-18 20:45:23,SESS_WU733,120,desktop,electronics
U452,P014,wishlist,2024-01-18 21:00:02,SESS_WKECB,5,mobile,electronics
U452,P024,view,2024-01-18 21:20:15,SESS_412IA,5,mobile,fashion
U452,P100,view,2024-01-18 23:01:29,SESS_ZATZ8,36,tablet,toys
U452,P098,view,2024-01-18 22:31:11,SESS_WAK59,45,tablet,toys
U452,P091,view,2024-01-18 23:30:43,SESS_ARTA4,32,mobile,toys
U452,P001,add_to_cart,2024-01-19 02:05:53,SESS_B726E,84,mobile,electronics
U452,P093,view,2024-01-18 22:32:36,SESS_6SAKR,6,mobile,toys
U453,P008,view,2024-07-13 17:08:24,SESS_IAY8M,80,tablet,electronics
U453,P019,view,2024-07-13 17:26:39,SESS_QDPSY,109,desktop,fashion
U453,P019,compare,2024-07-13 18:35:22,SESS_0ETJS,427,desktop,fashion
U453,P018,view,2024-07-13 19:37:27,SESS_7AJ79,107,tablet,fashion
U453,P085,purchase,2024-07-13 21:01:08,SESS_H2FOW,521,desktop,home
U453,P068,purchase,2024-07-13 20:07:44,SESS_QWB7Y,211,tablet,beauty
U453,P076,purchase,2024-07-13 18:35:42,SESS_OBCK3,183,mobile,home
U453,P085,click,2024-07-13 22:23:38,SESS_L9CHP,354,tablet,home
U454,P074,click,2024-03-21 14:37:14,SESS_X68YV,346,desktop,beauty
U454,P006,view,2024-03-21 15:15:18,SESS_V96NI,101,tablet,electronics
U454,P085,purchase,2024-03-21 15:44:36,SESS_52IYB,221,mobile,home
U454,P004,review,2024-03-21 17:01:50,SESS_SWIXN,208,desktop,electronics
U454,P074,click,2024-03-21 14:45:38,SESS_JAL1T,505,tablet,beauty
U454,P083,view,2024-03-21 17:32:44,SESS_XN0QR,92,desktop,home
U454,P046,purchase,2024-03-21 17:09:20,SESS_H9GCT,389,tablet,books
U454,P015,review,2024-03-21 19:13:51,SESS_QD2UG,535,desktop,electronics
U455,P063,share,2024-06-30 06:04:34,SESS_DUX5X,331,tablet,sports
U455,P062,view,2024-06-30 06:49:51,SESS_X5TUA,144,desktop,sports
U455,P018,wishlist,2024-06-30 06:12:58,SESS_L5NTJ,285,desktop,fashion
U455,P053,share,2024-06-30 08:09:46,SESS_EWDW2,429,desktop,sports
U455,P048,view,2024-06-30 07:06:26,SESS_J0W6M,166,desktop,books
U455,P096,share,2024-06-30 10:49:24,SESS_2J7IJ,282,desktop,toys
U455,P099,compare,2024-06-30 08:48:58,SESS_CDC9Y,336,desktop,toys
U455,P080,view,2024-06-30 11:17:21,SESS_VUWKX,153,desktop,home
U456,P096,view,2024-11-22 22:44:32,SESS_1Z4PE,167,tablet,toys
U456,P001,view,2024-11-22 22:51:00,SESS_M8R8D,160,desktop,electronics
U456,P044,compare,2024-11-22 23:02:50,SESS_4YNER,428,desktop,books
U456,P043,compare,2024-11-23 00:29:14,SESS_9FI3M,435,desktop,books
U456,P048,click,2024-11-22 22:52:20,SESS_7PJ6J,126,desktop,books
U456,P005,share,2024-11-23 01:01:17,SESS_FVZSL,338,desktop,electronics
U456,P011,compare,2024-11-22 23:51:50,SESS_JUPQV,413,desktop,electronics
U456,P030,compare,2024-11-23 02:12:12,SESS_QJPAL,253,mobile,food
U457,P048,click,2024-06-19 05:11:13,SESS_S9W24,597,desktop,books
U457,P068,click,2024-06-19 05:46:25,SESS_0GOPD,292,desktop,beauty
U457,P086,purchase,2024-06-19 06:29:35,SESS_6HXCK,515,desktop,home
U457,P079,purchase,2024-06-19 05:15:01,SESS_XB0FP,561,mobile,home
U457,P010,wishlist,2024-06-19 05:35:49,SESS_K2U4A,168,desktop,electronics
U457,P073,review,2024-06-19 07:01:38,SESS_MLZBD,591,tablet,beauty
U457,P038,review,2024-06-19 08:38:13,SESS_05XF3,382,mobile,food
U457,P074,wishlist,2024-06-19 09:50:52,SESS_S6Y3C,263,mobile,beauty
U458,P085,share,2024-06-03 02:47:16,SESS_0CTY1,127,tablet,home
U458,P019,click,2024-06-03 03:05:31,SESS_AFBAJ,211,tablet,fashion
U458,P055,add_to_cart,2024-06-03 04:07:48,SESS_X1OFP,424,mobile,sports
U458,P005,add_to_cart,2024-06-03 04:30:40,SESS_YJCOF,442,desktop,electronics
U458,P051,review,2024-06-03 05:21:16,SESS_TRMXU,384,desktop,books
U458,P005,review,2024-06-03 06:42:01,SESS_ML880,228,desktop,electronics
U458,P007,share,2024-06-03 04:45:22,SESS_0AXW9,566,desktop,electronics
U458,P068,add_to_cart,2024-06-03 09:04:55,SESS_ZFZMQ,498,tablet,beauty
U459,P087,view,2024-09-26 05:21:24,SESS_67EW1,76,mobile,home
U459,P039,purchase,2024-09-26 05:36:48,SESS_XKUAQ,288,tablet,food
U459,P097,add_to_cart,2024-09-26 06:03:12,SESS_KGSUI,224,desktop,toys
U459,P036,click,2024-09-26 06:37:12,SESS_S8Q18,122,mobile,food
U459,P033,purchase,2024-09-26 07:33:36,SESS_UUN4T,186,mobile,food
U459,P082,purchase,2024-09-26 06:06:19,SESS_X9IHJ,134,desktop,home
U459,P036,wishlist,2024-09-26 08:17:06,SESS_4H7IL,179,mobile,food
U459,P057,purchase,2024-09-26 11:23:04,SESS_R90ES,138,desktop,sports
U460,P030,view,2024-03-11 20:54:46,SESS_SLJRT,47,mobile,food
U460,P064,click,2024-03-11 21:21:01,SESS_4PW8Z,173,mobile,beauty
U460,P031,click,2024-03-11 21:52:00,SESS_GJX19,43,mobile,food
U460,P023,review,2024-03-11 21:08:31,SESS_JRRW2,121,mobile,fashion
U460,P095,review,2024-03-11 21:43:14,SESS_ZXWW4,109,mobile,toys
U460,P057,wishlist,2024-03-11 21:36:26,SESS_53TIS,102,mobile,sports
U460,P036,purchase,2024-03-12 02:31:52,SESS_FVD2M,160,mobile,food
U460,P023,share,2024-03-12 00:35:02,SESS_4T0RD,174,mobile,fashion
U461,P095,click,2024-03-20 12:40:33,SESS_I2HKR,119,mobile,toys
U461,P027,view,2024-03-20 13:13:16,SESS_NWF22,55,mobile,fashion
U461,P020,add_to_cart,2024-03-20 14:27:49,SESS_U53Y1,117,mobile,fashion
U461,P065,click,2024-03-20 13:50:12,SESS_I6BXP,17,desktop,beauty
U461,P015,click,2024-03-20 14:29:09,SESS_9H0QU,110,desktop,electronics
U461,P092,add_to_cart,2024-03-20 17:16:18,SESS_NGOSV,45,mobile,toys
U461,P018,add_to_cart,2024-03-20 17:57:39,SESS_2TEXQ,62,desktop,fashion
U461,P062,view,2024-03-20 18:00:06,SESS_V32VU,47,mobile,sports
U462,P078,click,2024-08-11 04:29:20,SESS_HK88Z,102,desktop,home
U462,P089,wishlist,2024-08-11 05:01:05,SESS_4IWTA,257,mobile,toys
U462,P090,add_to_cart,2024-08-11 05:59:34,SESS_627DT,261,mobile,toys
U462,P085,click,2024-08-11 05:29:11,SESS_3NP6W,236,desktop,home
U462,P029,wishlist,2024-08-11 04:48:12,SESS_ZI91A,124,mobile,food
U462,P082,purchase,2024-08-11 07:11:50,SESS_N444O,237,tablet,home
U462,P095,compare,2024-08-11 05:09:32,SESS_1MPLA,252,tablet,toys
U462,P028,purchase,2024-08-11 06:58:12,SESS_6PZEZ,282,mobile,food
U463,P067,wishlist,2024-02-07 22:25:17,SESS_H4AH5,363,mobile,beauty
U463,P087,click,2024-02-07 23:09:37,SESS_6PUCU,446,mobile,home
U463,P089,review,2024-02-07 22:34:09,SESS_PEVH4,530,mobile,toys
U463,P077,view,2024-02-08 00:42:47,SESS_4XYPP,72,mobile,home
U463,P082,add_to_cart,2024-02-08 01:04:17,SESS_7NBQW,130,tablet,home
U463,P067,view,2024-02-08 02:18:47,SESS_1TLQ4,94,desktop,beauty
U463,P079,purchase,2024-02-08 02:45:53,SESS_OTOY9,348,tablet,home
U463,P039,add_to_cart,2024-02-08 04:44:41,SESS_8UP6J,400,desktop,food
U464,P043,view,2024-02-14 22:02:08,SESS_FXCLQ,106,desktop,books
U464,P009,view,2024-02-14 22:39:38,SESS_GK3LV,113,tablet,electronics
U464,P026,click,2024-02-14 22:15:00,SESS_PLUYG,281,desktop,fashion
U464,P070,purchase,2024-02-14 23:41:11,SESS_9DI53,152,desktop,beauty
U464,P012,click,2024-02-15 01:46:32,SESS_UAJPB,502,desktop,electronics
U464,P076,review,2024-02-15 01:59:58,SESS_2CD1W,219,desktop,home
U464,P014,review,2024-02-14 22:37:50,SESS_WYP4V,81,desktop,electronics
U464,P086,view,2024-02-15 01:31:05,SESS_3S63L,65,desktop,home
U465,P017,click,2024-12-04 07:07:04,SESS_Y4K8O,360,mobile,fashion
U465,P075,click,2024-12-04 07:31:35,SESS_TKYJX,368,desktop,beauty
U465,P057,compare,2024-12-04 07:33:10,SESS_KAIHN,386,tablet,sports
U465,P010,share,2024-12-04 08:39:10,SESS_GFLK7,334,desktop,electronics
U465,P061,compare,2024-12-04 08:45:36,SESS_57GNV,139,mobile,sports
U465,P004,add_to_cart,2024-12-04 10:44:34,SESS_49P1Z,362,mobile,electronics
U465,P014,compare,2024-12-04 10:06:10,SESS_SIXMN,221,desktop,electronics
U465,P041,add_to_cart,2024-12-04 12:16:49,SESS_AEXMO,261,desktop,books
U466,P019,click,2024-05-23 22:46:48,SESS_693I6,224,desktop,fashion
U466,P049,click,2024-05-23 22:55:48,SESS_Q63F9,232,mobile,books
U466,P054,view,2024-05-23 23:16:42,SESS_U2RUP,180,desktop,sports
U466,P004,compare,2024-05-24 00:06:21,SESS_APJY1,488,desktop,electronics
U466,P060,view,2024-05-24 00:10:40,SESS_B4TSG,167,desktop,sports
U466,P049,click,2024-05-24 03:01:48,SESS_0AP1W,304,tablet,books
U466,P046,view,2024-05-23 23:17:30,SESS_NT3EF,132,tablet,books
U466,P008,review,2024-05-23 23:03:22,SESS_CN4WQ,132,tablet,electronics
U467,P059,click,2024-04-26 19:06:24,SESS_14TZP,99,mobile,sports
U467,P025,click,2024-04-26 19:39:39,SESS_AB38L,69,mobile,fashion
U467,P018,purchase,2024-04-26 20:37:46,SESS_2IXW2,120,mobile,fashion
U467,P050,click,2024-04-26 21:44:57,SESS_O3LFL,54,mobile,books
U467,P009,compare,2024-04-26 22:09:44,SESS_HKOJJ,68,mobile,electronics
U467,P017,view,2024-04-26 19:30:44,SESS_QU5N6,32,mobile,fashion
U467,P049,click,2024-04-26 21:31:36,SESS_C8XTS,24,desktop,books
U467,P010,click,2024-04-27 01:02:28,SESS_NLGSZ,106,desktop,electronics
U468,P026,view,2024-04-05 07:54:46,SESS_VXXOG,50,mobile,fashion
U468,P032,view,2024-04-05 08:10:23,SESS_LTTU2,10,mobile,food
U468,P076,wishlist,2024-04-05 08:09:16,SESS_5ADVG,62,desktop,home
U468,P072,view,2024-04-05 10:10:55,SESS_MUSJ1,23,tablet,beauty
U468,P019,click,2024-04-05 11:53:14,SESS_2Z94H,153,desktop,fashion
U468,P027,review,2024-04-05 11:53:11,SESS_7BKSK,121,mobile,fashion
U468,P073,compare,2024-04-05 10:15:40,SESS_8NZJE,91,mobile,beauty
U468,P024,share,2024-04-05 11:47:31,SESS_KFD86,36,mobile,fashion
U469,P080,view,2024-05-18 13:39:51,SESS_CYDCT,58,desktop,home
U469,P039,view,2024-05-18 13:50:26,SESS_RLTDC,50,desktop,food
U469,P079,view,2024-05-18 14:17:33,SESS_EM5GO,65,tablet,home
U469,P093,add_to_cart,2024-05-18 13:51:33,SESS_A6CV4,195,mobile,toys
U469,P090,click,2024-05-18 16:12:11,SESS_XCX8G,76,tablet,toys
U469,P032,purchase,2024-05-18 15:57:06,SESS_CZ3BQ,156,tablet,food
U469,P099,add_to_cart,2024-05-18 14:05:39,SESS_ZUTP4,134,desktop,toys
U469,P067,add_to_cart,2024-05-18 15:25:40,SESS_NEOGE,64,mobile,beauty
U470,P023,view,2024-08-11 18:29:49,SESS_X38DH,18,mobile,fashion
U470,P016,wishlist,2024-08-11 19:10:51,SESS_43F9R,33,mobile,fashion
U470,P038,review,2024-08-11 19:28:27,SESS_MIB2I,192,tablet,food
U470,P067,click,2024-08-11 18:53:31,SESS_V5AA2,86,mobile,beauty
U470,P071,purchase,2024-08-11 18:59:01,SESS_ZPIEO,120,tablet,beauty
U470,P049,wishlist,2024-08-11 22:10:54,SESS_6N4SY,193,tablet,books
U470,P032,review,2024-08-11 18:59:49,SESS_DDXVF,103,mobile,food
U470,P065,review,2024-08-11 22:58:23,SESS_7A04E,184,desktop,beauty
U471,P097,share,2024-05-13 10:04:40,SESS_3QW2K,17,tablet,toys
U471,P090,click,2024-05-13 10:40:50,SESS_WKHVP,59,mobile,toys
U471,P100,compare,2024-05-13 10:08:02,SESS_FA489,65,tablet,toys
U471,P086,view,2024-05-13 11:05:52,SESS_R1DKF,50,tablet,home
U471,P097,compare,2024-05-13 11:29:20,SESS_MCKUM,95,tablet,toys
U471,P097,share,2024-05-13 12:35:15,SESS_ZMQ9P,37,mobile,toys
U471,P010,view,2024-05-13 12:59:40,SESS_WB2AS,15,mobile,electronics
U471,P089,view,2024-05-13 13:37:21,SESS_XPFHA,23,mobile,toys
U472,P006,view,2024-06-15 04:14:33,SESS_6HXG0,33,mobile,electronics
U472,P015,click,2024-06-15 04:35:58,SESS_7RJBN,62,desktop,electronics
U472,P092,click,2024-06-15 05:32:07,SESS_EGH1V,56,desktop,toys
U472,P013,compare,2024-06-15 06:53:51,SESS_6T2PX,82,mobile,electronics
U472,P013,share,2024-06-15 06:03:01,SESS_KJO7R,38,mobile,electronics
U472,P078,click,2024-06-15 04:35:48,SESS_T7CYX,118,tablet,home
U472,P097,click,2024-06-15 06:46:21,SESS_QAU5S,20,mobile,toys
U472,P093,wishlist,2024-06-15 05:12:39,SESS_JT4LM,6,mobile,toys
U473,P081,wishlist,2024-09-18 04:53:17,SESS_T84U4,48,desktop,home
U473,P037,add_to_cart,2024-09-18 04:57:11,SESS_4MAPH,37,desktop,food
U473,P031,purchase,2024-09-18 06:07:15,SESS_KDPR2,271,mobile,food
U473,P037,review,2024-09-18 05:21:26,SESS_0L45U,68,desktop,food
U473,P056,add_to_cart,2024-09-18 08:10:13,SESS_J4V9E,188,mobile,sports
U473,P083,add_to_cart,2024-09-18 08:37:52,SESS_KEYW0,220,mobile,home
U473,P085,share,2024-09-18 09:15:11,SESS_FN0IZ,141,mobile,home
U473,P035,wishlist,2024-09-18 06:31:17,SESS_YWCYB,239,mobile,food
U474,P053,click,2024-11-08 22:11:17,SESS_G6OXI,579,desktop,sports
U474,P026,click,2024-11-08 22:41:44,SESS_BMZDD,67,mobile,fashion
U474,P007,purchase,2024-11-08 23:13:33,SESS_JXQTC,158,desktop,electronics
U474,P077,click,2024-11-09 01:10:17,SESS_YZ20F,187,mobile,home
U474,P059,add_to_cart,2024-11-08 23:01:49,SESS_AHQR2,294,desktop,sports
U474,P081,share,2024-11-09 02:47:07,SESS_75Q7G,160,desktop,home
U474,P085,add_to_cart,2024-11-09 01:02:05,SESS_IWATX,334,mobile,home
U474,P005,purchase,2024-11-09 01:13:03,SESS_R06O6,125,desktop,electronics
U475,P077,click,2024-12-11 15:44:57,SESS_B8EKO,124,desktop,home
U475,P077,click,2024-12-11 16:03:51,SESS_YB7TH,252,tablet,home
U475,P091,purchase,2024-12-11 16:57:25,SESS_DQEF0,253,desktop,toys
U475,P076,purchase,2024-12-11 15:48:36,SESS_1X2IU,287,mobile,home
U475,P080,purchase,2024-12-11 19:07:01,SESS_RU9TD,179,tablet,home
U475,P039,add_to_cart,2024-12-11 18:36:17,SESS_32DCM,136,desktop,food
U475,P096,purchase,2024-12-11 16:04:51,SESS_7DOCB,181,mobile,toys
U475,P095,wishlist,2024-12-11 19:29:18,SESS_OFRVA,111,mobile,toys
U476,P040,view,2024-04-07 10:19:41,SESS_IDRCT,162,desktop,books
U476,P049,click,2024-04-07 10:43:08,SESS_6U791,199,tablet,books
U476,P098,compare,2024-04-07 10:34:49,SESS_JUIL3,335,desktop,toys
U476,P042,view,2024-04-07 10:56:56,SESS_W3O4D,147,desktop,books
U476,P043,compare,2024-04-07 14:06:53,SESS_ZRBYK,371,mobile,books
U476,P053,compare,2024-04-07 13:36:16,SESS_5AKD9,201,mobile,sports
U476,P003,purchase,2024-04-07 13:28:29,SESS_LLG3T,404,desktop,electronics
U476,P042,compare,2024-04-07 14:06:01,SESS_8AO1W,452,desktop,books
U477,P061,wishlist,2024-10-01 03:26:38,SESS_P1KZV,248,desktop,sports
U477,P082,share,2024-10-01 03:44:16,SESS_YR4N2,379,desktop,home
U477,P008,wishlist,2024-10-01 04:36:20,SESS_6NEV8,378,desktop,electronics
U477,P060,compare,2024-10-01 04:08:53,SESS_PL56G,437,tablet,sports
U477,P003,click,2024-10-01 04:59:10,SESS_AM4RC,181,tablet,electronics
U477,P037,wishlist,2024-10-01 06:52:13,SESS_T6610,239,desktop,food
U477,P049,purchase,2024-10-01 05:03:50,SESS_4S38K,371,desktop,books
U477,P010,compare,2024-10-01 07:55:54,SESS_7SNLE,388,desktop,electronics
U478,P088,wishlist,2024-08-26 17:35:38,SESS_0SWHC,42,mobile,toys
U478,P035,add_to_cart,2024-08-26 18:16:46,SESS_KMB5O,124,mobile,food
U478,P072,purchase,2024-08-26 19:04:16,SESS_FCA6R,120,desktop,beauty
U478,P069,wishlist,2024-08-26 19:25:47,SESS_Z14EU,11,desktop,beauty
U478,P077,wishlist,2024-08-26 21:19:10,SESS_YCM9P,113,mobile,home
U478,P068,review,2024-08-26 19:49:08,SESS_VZDDH,159,tablet,beauty
U478,P071,wishlist,2024-08-26 23:06:02,SESS_NOAUJ,56,mobile,beauty
U478,P024,review,2024-08-27 00:11:01,SESS_WVVPO,72,mobile,fashion
U479,P024,click,2024-10-08 21:47:15,SESS_SBDXG,67,tablet,fashion
U479,P069,view,2024-10-08 22:42:59,SESS_0EUIQ,13,tablet,beauty
U479,P037,click,2024-10-08 21:52:15,SESS_VYK7C,51,mobile,food
U479,P033,add_to_cart,2024-10-08 23:20:15,SESS_VV7RM,109,desktop,food
U479,P090,share,2024-10-08 22:06:55,SESS_NHPQS,60,mobile,toys
U479,P033,add_to_cart,2024-10-09 02:21:00,SESS_BDOQ8,134,mobile,food
U479,P051,add_to_cart,2024-10-08 22:47:33,SESS_JVRQV,130,mobile,books
U479,P018,view,2024-10-09 02:43:14,SESS_LJAFZ,66,mobile,fashion
U480,P096,view,2024-03-19 23:37:01,SESS_VOKEY,54,mobile,toys
U480,P084,click,2024-03-20 00:17:49,SESS_O5SRP,70,tablet,home
U480,P099,add_to_cart,2024-03-20 00:58:45,SESS_B0WVY,179,mobile,toys
U480,P076,add_to_cart,2024-03-20 00:54:10,SESS_KMFUC,201,mobile,home
U480,P036,add_to_cart,2024-03-19 23:55:57,SESS_Q95IE,159,mobile,food
U480,P084,add_to_cart,2024-03-20 02:52:46,SESS_7BLSV,88,desktop,home
U480,P098,purchase,2024-03-20 03:05:37,SESS_RAZMD,267,desktop,toys
U480,P098,add_to_cart,2024-03-20 02:18:01,SESS_O8479,274,desktop,toys
U481,P041,add_to_cart,2024-09-19 17:28:14,SESS_1COO0,600,desktop,books
U481,P013,view,2024-09-19 18:07:34,SESS_O2EAH,107,desktop,electronics
U481,P073,purchase,2024-09-19 18:11:36,SESS_AJO3J,369,desktop,beauty
U481,P046,click,2024-09-19 20:15:38,SESS_IJUMD,171,desktop,books
U481,P015,purchase,2024-09-19 17:40:46,SESS_4Z5W6,589,desktop,electronics
U481,P013,wishlist,2024-09-19 18:28:49,SESS_3M4LK,423,desktop,electronics
U481,P085,view,2024-09-19 18:06:50,SESS_V5G2L,111,desktop,home
U481,P021,purchase,2024-09-19 20:11:27,SESS_SJ2QS,552,mobile,fashion
U482,P037,click,2024-07-05 13:25:05,SESS_2I3P4,89,tablet,food
U482,P032,view,2024-07-05 13:47:57,SESS_Q8D5Z,70,mobile,food
U482,P033,view,2024-07-05 14:23:39,SESS_KACLW,70,tablet,food
U482,P026,click,2024-07-05 14:51:35,SESS_NFJ9N,102,mobile,fashion
U482,P038,share,2024-07-05 14:29:13,SESS_1T0OY,121,mobile,food
U482,P025,share,2024-07-05 17:47:20,SESS_SG96E,86,mobile,fashion
U482,P045,share,2024-07-05 17:53:23,SESS_JGW8P,146,mobile,books
U482,P038,view,2024-07-05 19:03:25,SESS_9D129,28,tablet,food
U483,P051,add_to_cart,2024-05-09 08:38:51,SESS_BYWS0,78,desktop,books
U483,P038,view,2024-05-09 09:31:36,SESS_M71PM,68,mobile,food
U483,P074,purchase,2024-05-09 08:55:41,SESS_D8Z1Q,447,desktop,beauty
U483,P004,view,2024-05-09 10:31:24,SESS_JL8VJ,117,tablet,electronics
U483,P012,add_to_cart,2024-05-09 11:46:31,SESS_AVF61,170,desktop,electronics
U483,P008,purchase,2024-05-09 10:06:46,SESS_A4YU4,242,desktop,electronics
U483,P067,share,2024-05-09 13:50:21,SESS_W5F6Y,436,desktop,beauty
U483,P078,review,2024-05-09 11:09:56,SESS_VN20P,284,tablet,home
U484,P032,view,2024-08-18 19:15:45,SESS_UM8SM,38,mobile,food
U484,P024,share,2024-08-18 19:17:46,SESS_YUR03,72,mobile,fashion
U484,P026,share,2024-08-18 20:34:19,SESS_VPNX4,184,mobile,fashion
U484,P039,review,2024-08-18 22:09:15,SESS_QK5FL,156,mobile,food
U484,P018,wishlist,2024-08-18 21:45:37,SESS_3SMQL,158,mobile,fashion
U484,P016,review,2024-08-18 23:07:00,SESS_6BO66,178,tablet,fashion
U484,P026,wishlist,2024-08-18 21:08:03,SESS_7J9GG,48,mobile,fashion
U484,P052,review,2024-08-18 21:15:13,SESS_WUCTW,60,mobile,sports
U485,P023,share,2024-10-21 02:27:19,SESS_YX0WW,21,tablet,fashion
U485,P100,compare,2024-10-21 02:56:39,SESS_XJCBY,74,mobile,toys
U485,P021,view,2024-10-21 04:05:01,SESS_ZTDY6,53,mobile,fashion
U485,P012,click,2024-10-21 04:40:28,SESS_5HDFU,10,mobile,electronics
U485,P053,review,2024-10-21 04:15:55,SESS_5ZJ8T,61,tablet,sports
U485,P091,view,2024-10-21 05:19:49,SESS_FE9N0,22,mobile,toys
U485,P013,click,2024-10-21 05:29:25,SESS_QXRQT,84,mobile,electronics
U485,P089,view,2024-10-21 06:13:39,SESS_FVSJW,65,tablet,toys
U486,P047,view,2024-10-09 02:40:43,SESS_1JWY0,154,desktop,books
U486,P008,click,2024-10-09 02:57:05,SESS_3IW5L,421,desktop,electronics
U486,P097,compare,2024-10-09 04:36:29,SESS_931ZV,440,desktop,toys
U486,P096,click,2024-10-09 05:10:22,SESS_4LHBA,281,tablet,toys
U486,P040,click,2024-10-09 06:27:59,SESS_TAQBA,321,tablet,books
U486,P005,share,2024-10-09 03:54:43,SESS_31PKZ,337,desktop,electronics
U486,P041,share,2024-10-09 08:21:55,SESS_F9HG3,379,mobile,books
U486,P046,compare,2024-10-09 08:15:05,SESS_IB1B8,252,desktop,books
U487,P088,click,2024-11-12 00:08:42,SESS_SPZD1,287,mobile,toys
U487,P028,view,2024-11-12 00:31:26,SESS_Y27ED,58,mobile,food
U487,P028,purchase,2024-11-12 00:23:38,SESS_84596,179,tablet,food
U487,P078,compare,2024-11-12 01:50:48,SESS_HXEA1,299,mobile,home
U487,P094,add_to_cart,2024-11-12 03:34:14,SESS_3DRI5,189,mobile,toys
U487,P038,purchase,2024-11-12 01:17:02,SESS_MLPNU,265,desktop,food
U487,P079,purchase,2024-11-12 04:09:12,SESS_NN6B0,291,desktop,home
U487,P088,click,2024-11-12 05:38:52,SESS_05MXC,255,desktop,toys
U488,P025,click,2024-05-16 08:55:36,SESS_0WIIX,134,tablet,fashion
U488,P037,click,2024-05-16 09:44:31,SESS_DWX9M,185,mobile,food
U488,P032,view,2024-05-16 09:14:44,SESS_793Y6,59,mobile,food
U488,P036,view,2024-05-16 11:25:57,SESS_ZOB36,11,tablet,food
U488,P021,share,2024-05-16 11:54:00,SESS_SJH3H,73,mobile,fashion
U488,P036,review,2024-05-16 12:30:41,SESS_W17KF,126,mobile,food
U488,P066,click,2024-05-16 12:41:24,SESS_RKAOR,43,mobile,beauty
U488,P072,wishlist,2024-05-16 11:26:48,SESS_SAZWV,95,mobile,beauty
U489,P009,view,2024-08-05 12:59:00,SESS_SFFRH,126,tablet,electronics
U489,P053,view,2024-08-05 13:52:27,SESS_8UQ9I,120,desktop,sports
U489,P014,compare,2024-08-05 13:36:40,SESS_7QMG1,275,desktop,electronics
U489,P057,compare,2024-08-05 13:25:30,SESS_OGRCD,310,desktop,sports
U489,P056,click,2024-08-05 15:58:24,SESS_QZ4AA,345,desktop,sports
U489,P052,share,2024-08-05 15:27:10,SESS_LQKIX,180,mobile,sports
U489,P009,compare,2024-08-05 14:25:24,SESS_MKG72,251,desktop,electronics
U489,P060,click,2024-08-05 13:13:21,SESS_X53LR,478,tablet,sports
U490,P017,click,2024-02-11 09:53:08,SESS_XBDYQ,287,desktop,fashion
U490,P011,view,2024-02-11 10:33:31,SESS_SX7LJ,95,tablet,electronics
U490,P018,add_to_cart,2024-02-11 10:05:08,SESS_EPRDL,573,tablet,fashion
U490,P064,review,2024-02-11 10:15:47,SESS_YKR6J,598,mobile,beauty
U490,P073,purchase,2024-02-11 10:42:36,SESS_UBO3V,511,desktop,beauty
U490,P076,add_to_cart,2024-02-11 13:10:58,SESS_IPL3X,523,tablet,home
U490,P004,purchase,2024-02-11 12:36:44,SESS_LGO9T,306,desktop,electronics
U490,P014,purchase,2024-02-11 14:23:41,SESS_SAIA7,353,desktop,electronics
U491,P098,view,2024-06-03 07:02:24,SESS_XWB1G,89,mobile,toys
U491,P022,click,2024-06-03 07:15:00,SESS_7HZQ8,460,mobile,fashion
U491,P006,review,2024-06-03 08:39:32,SESS_CUUQ4,189,desktop,electronics
U491,P066,review,2024-06-03 09:27:36,SESS_V47XO,400,desktop,beauty
U491,P061,click,2024-06-03 08:53:00,SESS_HU63R,335,desktop,sports
U491,P001,purchase,2024-06-03 11:30:39,SESS_1IINS,298,desktop,electronics
U491,P044,purchase,2024-06-03 08:36:36,SESS_X3DPX,133,desktop,books
U491,P093,add_to_cart,2024-06-03 12:42:57,SESS_WVDZV,118,tablet,toys
U492,P053,click,2024-11-29 07:45:41,SESS_LXXGV,140,mobile,sports
U492,P020,view,2024-11-29 08:04:39,SESS_7CC88,40,mobile,fashion
U492,P072,add_to_cart,2024-11-29 09:28:31,SESS_RVBB5,117,mobile,beauty
U492,P081,review,2024-11-29 10:40:44,SESS_A5X93,65,mobile,home
U492,P025,share,2024-11-29 09:07:33,SESS_58X9Q,185,mobile,fashion
U492,P033,wishlist,2024-11-29 12:30:16,SESS_615PA,186,mobile,food
U492,P039,view,2024-11-29 08:34:11,SESS_MXE2N,19,mobile,food
U492,P038,compare,2024-11-29 10:09:04,SESS_2YA9M,70,mobile,food
U493,P056,add_to_cart,2024-12-17 03:15:54,SESS_WM8Y6,267,desktop,sports
U493,P007,view,2024-12-17 03:20:36,SESS_7TLET,121,tablet,electronics
U493,P052,view,2024-12-17 04:52:12,SESS_3IXL1,125,desktop,sports
U493,P028,share,2024-12-17 03:51:00,SESS_HL5RM,247,desktop,food
U493,P084,compare,2024-12-17 06:44:54,SESS_GSRMQ,492,desktop,home
U493,P058,share,2024-12-17 05:31:59,SESS_5M0PN,376,desktop,sports
U493,P005,compare,2024-12-17 06:50:48,SESS_RIBGM,327,desktop,electronics
U493,P043,purchase,2024-12-17 08:19:56,SESS_SEJWS,267,desktop,books
U494,P021,view,2024-02-15 22:18:41,SESS_0HHBV,26,desktop,fashion
U494,P025,view,2024-02-15 22:27:55,SESS_HX4NW,25,mobile,fashion
U494,P096,compare,2024-02-15 23:51:29,SESS_G5XKW,99,mobile,toys
U494,P099,view,2024-02-16 00:08:08,SESS_ADYP2,23,tablet,toys
U494,P014,view,2024-02-16 01:12:57,SESS_85SVP,21,mobile,electronics
U494,P023,view,2024-02-16 01:49:56,SESS_HW1O8,39,mobile,fashion
U494,P077,click,2024-02-16 03:26:41,SESS_D7X2N,98,mobile,home
U494,P092,view,2024-02-16 04:42:52,SESS_WWFCY,58,mobile,toys
U495,P019,click,2024-11-02 01:51:51,SESS_9AL4K,22,tablet,fashion
U495,P057,click,2024-11-02 02:29:33,SESS_17PLU,112,mobile,sports
U495,P089,view,2024-11-02 03:01:33,SESS_SQH2Z,20,mobile,toys
U495,P018,wishlist,2024-11-02 04:31:30,SESS_0JUGG,52,desktop,fashion
U495,P090,view,2024-11-02 03:22:59,SESS_4CDNG,49,mobile,toys
U495,P065,share,2024-11-02 03:33:26,SESS_VSOEZ,24,mobile,beauty
U495,P088,view,2024-11-02 07:02:21,SESS_C8AWR,19,tablet,toys
U495,P005,add_to_cart,2024-11-02 01:59:47,SESS_G95N8,36,desktop,electronics
U496,P037,purchase,2024-01-29 16:12:22,SESS_7BGFM,489,tablet,food
U496,P075,view,2024-01-29 16:37:19,SESS_4DEHN,92,desktop,beauty
U496,P074,add_to_cart,2024-01-29 17:04:00,SESS_GB5F0,311,desktop,beauty
U496,P015,click,2024-01-29 16:22:37,SESS_67726,106,desktop,electronics
U496,P019,purchase,2024-01-29 16:17:30,SESS_JX6EN,444,mobile,fashion
U496,P071,view,2024-01-29 18:25:02,SESS_P29XH,83,tablet,beauty
U496,P069,purchase,2024-01-29 16:44:16,SESS_SFJHU,344,mobile,beauty
U496,P001,review,2024-01-29 22:01:47,SESS_MZH5H,597,mobile,electronics
U497,P086,view,2024-10-12 04:59:35,SESS_YAJ5N,126,desktop,home
U497,P007,click,2024-10-12 05:27:19,SESS_MLVW8,139,desktop,electronics
U497,P014,share,2024-10-12 06:49:19,SESS_0ZFGG,249,desktop,electronics
U497,P051,view,2024-10-12 05:24:05,SESS_534Q4,167,tablet,books
U497,P045,share,2024-10-12 08:31:35,SESS_Y249F,145,tablet,books
U497,P002,click,2024-10-12 05:53:50,SESS_HTY61,258,mobile,electronics
U497,P057,purchase,2024-10-12 06:05:11,SESS_JVGIF,473,mobile,sports
U497,P001,view,2024-10-12 06:08:25,SESS_Q7GXF,162,desktop,electronics
U498,P027,share,2024-08-15 14:23:50,SESS_IFLNW,67,tablet,fashion
U498,P027,click,2024-08-15 14:43:35,SESS_ORNC1,101,tablet,fashion
U498,P095,click,2024-08-15 15:15:22,SESS_HCJTA,64,mobile,toys
U498,P015,compare,2024-08-15 15:43:59,SESS_BRGE8,87,mobile,electronics
U498,P077,click,2024-08-15 18:00:58,SESS_HGFLV,74,mobile,home
U498,P091,click,2024-08-15 18:41:50,SESS_GK8FK,26,mobile,toys
U498,P009,review,2024-08-15 15:50:26,SESS_S2H7L,106,mobile,electronics
U498,P007,view,2024-08-15 19:56:27,SESS_AUZ73,7,tablet,electronics
U499,P044,view,2024-04-17 22:13:11,SESS_G9JNP,121,desktop,books
U499,P049,click,2024-04-17 23:01:47,SESS_XBOF8,474,mobile,books
U499,P005,view,2024-04-17 22:42:01,SESS_4T355,133,desktop,electronics
U499,P061,add_to_cart,2024-04-18 00:23:59,SESS_C67AI,136,desktop,sports
U499,P072,wishlist,2024-04-18 00:52:55,SESS_MS9M6,186,desktop,beauty
U499,P040,view,2024-04-17 22:19:41,SESS_U5CP3,152,tablet,books
U499,P005,share,2024-04-18 02:37:11,SESS_1GWJI,307,tablet,electronics
U499,P001,share,2024-04-18 04:28:37,SESS_NE4Q7,458,mobile,electronics
U500,P093,purchase,2024-11-13 23:24:38,SESS_YJW20,120,tablet,toys
U500,P075,click,2024-11-14 00:10:14,SESS_KCPOP,87,mobile,beauty
U500,P052,wishlist,2024-11-14 00:44:14,SESS_ORIPJ,112,mobile,sports
U500,P051,view,2024-11-14 00:55:41,SESS_L40FO,9,mobile,books
U500,P012,add_to_cart,2024-11-14 03:18:18,SESS_13RM6,96,mobile,electronics
U500,P010,view,2024-11-14 03:20:18,SESS_4OI6W,62,desktop,electronics
U500,P012,compare,2024-11-14 00:37:32,SESS_9F4OV,78,mobile,electronics
U500,P023,add_to_cart,2024-11-14 04:50:50,SESS_NKSW5,9,mobile,fashion
